"Date","Price","Open","High","Low","Change %"
"24/05/2024","5.278","5.256","5.282","5.273","-0.15%"
"23/05/2024","5.286","5.261","5.291","5.262","0.36%"
"22/05/2024","5.267","5.240","5.284","5.259","1.84%"
"21/05/2024","5.172","5.156","5.187","5.165","-4.01%"
"20/05/2024","5.388","5.181","5.388","5.198","3.30%"
"17/05/2024","5.216","5.176","5.218","5.187","0.50%"
"16/05/2024","5.190","5.171","5.190","5.170","0.15%"
"15/05/2024","5.182","5.199","5.223","5.173","-0.94%"
"14/05/2024","5.231","5.213","5.231","5.231","0.46%"
"10/05/2024","5.207","5.195","5.225","5.192","-0.13%"
"09/05/2024","5.214","5.205","5.233","5.209","-0.10%"
"08/05/2024","5.219","5.204","5.248","5.219","-4.48%"
"07/05/2024","5.464","5.235","5.464","5.245","3.92%"
"03/05/2024","5.258","5.230","5.271","5.236","0.25%"
"02/05/2024","5.245","5.235","5.255","5.227","-0.13%"
"01/05/2024","5.252","5.240","5.267","5.248","-0.06%"
"30/04/2024","5.255","5.268","5.296","5.239","-0.53%"
"29/04/2024","5.283","5.265","5.283","5.283","0.34%"
"26/04/2024","5.265","5.251","5.275","5.262","-0.32%"
"25/04/2024","5.282","5.203","5.288","5.220","0.99%"
"24/04/2024","5.230","5.263","5.283","5.223","-0.72%"
"23/04/2024","5.268","5.215","5.274","5.218","0.88%"
"22/04/2024","5.222","5.210","5.229","5.220","-0.40%"
"19/04/2024","5.243","5.264","5.291","5.236","-0.29%"
"18/04/2024","5.258","5.237","5.271","5.242","-0.13%"
"17/04/2024","5.265","5.259","5.296","5.230","0.15%"
"16/04/2024","5.257","5.283","5.305","5.246","-4.35%"
"15/04/2024","5.496","5.219","5.496","5.238","5.03%"
"12/04/2024","5.233","5.202","5.247","5.216","-0.23%"
"11/04/2024","5.245","5.252","5.275","5.227","0.29%"
"10/04/2024","5.230","5.159","5.230","5.169","0.95%"
"09/04/2024","5.181","5.164","5.187","5.178","-4.07%"
"08/04/2024","5.401","5.216","5.401","5.209","3.37%"
"05/04/2024","5.225","5.167","5.227","5.185","0.60%"
"04/04/2024","5.194","5.211","5.233","5.181","-0.80%"
"03/04/2024","5.236","5.223","5.243","5.232","-0.02%"
"02/04/2024","5.237","5.202","5.237","5.222","0.36%"
"28/03/2024","5.218","5.186","5.225","5.196","0.52%"
"27/03/2024","5.191","5.176","5.199","5.191","-0.21%"
"26/03/2024","5.202","5.215","5.244","5.198","-0.73%"
"25/03/2024","5.240","5.162","5.455","5.168","1.37%"
"22/03/2024","5.169","5.156","5.181","5.167","0.14%"
"21/03/2024","5.162","5.190","5.190","5.162","-0.92%"
"20/03/2024","5.210","5.214","5.214","5.210","-0.34%"
"19/03/2024","5.228","5.228","5.228","5.222","-0.49%"
"18/03/2024","5.254","5.256","5.256","5.254","-0.15%"
"15/03/2024","5.262","5.260","5.262","5.260","0.44%"
"14/03/2024","5.239","5.248","5.248","5.239","-0.34%"
"13/03/2024","5.257","5.257","5.257","5.257","-0.02%"
"12/03/2024","5.258","5.241","5.258","5.236","-0.59%"
"11/03/2024","5.289","5.240","5.289","5.225","0.92%"
"08/03/2024","5.241","5.251","5.251","5.241","0.00%"
"07/03/2024","5.241","5.263","5.280","5.241","-0.59%"
"06/03/2024","5.272","5.304","5.308","5.272","-0.60%"
"05/03/2024","5.304","5.304","5.309","5.304","0.95%"
"04/03/2024","5.254","5.265","5.265","5.254","0.04%"
"01/03/2024","5.252","5.267","5.267","5.248","-0.13%"
"29/02/2024","5.259","5.268","5.283","5.259","-0.17%"
"28/02/2024","5.268","5.268","5.268","5.268","-0.09%"
"27/02/2024","5.273","5.258","5.271","5.258","0.46%"
"26/02/2024","5.249","5.236","5.249","5.236","0.32%"
"23/02/2024","5.232","5.260","5.264","5.234","-0.27%"
"22/02/2024","5.246","5.265","5.265","5.246","-0.17%"
"21/02/2024","5.255","5.240","5.253","5.238","0.40%"
"20/02/2024","5.234","5.247","5.247","5.234","-0.21%"
"19/02/2024","5.245","5.249","5.252","5.245","-0.21%"
"16/02/2024","5.256","5.245","5.256","5.245","0.29%"
"15/02/2024","5.241","5.244","5.244","5.241","-0.06%"
"14/02/2024","5.244","5.244","5.244","5.244","-0.17%"
"13/02/2024","5.253","5.285","5.285","5.232","0.54%"
"12/02/2024","5.225","5.230","5.230","5.225","-0.06%"
"09/02/2024","5.228","5.228","5.228","5.228","-0.49%"
"08/02/2024","5.254","5.222","5.233","5.222","0.44%"
"07/02/2024","5.231","5.231","5.231","5.231","0.13%"
"06/02/2024","5.224","5.230","5.230","5.224","0.10%"
"05/02/2024","5.219","5.258","5.260","5.216","-0.50%"
"02/02/2024","5.245","5.191","5.245","5.191","1.35%"
"01/02/2024","5.175","5.179","5.201","5.175","-0.23%"
"31/01/2024","5.187","5.234","5.234","5.187","-1.11%"
"30/01/2024","5.245","5.236","5.243","5.226","0.29%"
"29/01/2024","5.230","5.236","5.236","5.230","-0.15%"
"26/01/2024","5.238","5.253","5.253","5.238","-0.48%"
"25/01/2024","5.263","5.259","5.263","5.246","0.29%"
"24/01/2024","5.248","5.266","5.287","5.248","-0.47%"
"23/01/2024","5.273","5.266","5.273","5.266","0.96%"
"22/01/2024","5.223","5.240","5.240","5.223","-0.06%"
"19/01/2024","5.226","5.228","5.232","5.226","-0.42%"
"18/01/2024","5.248","5.246","5.248","5.231","0.23%"
"17/01/2024","5.236","5.274","5.274","5.236","0.19%"
"16/01/2024","5.226","5.224","5.226","5.215","-0.15%"
"15/01/2024","5.234","5.192","5.234","5.192","1.04%"
"12/01/2024","5.180","5.245","5.245","5.180","-1.58%"
"11/01/2024","5.263","5.231","5.263","5.231","0.61%"
"10/01/2024","5.231","5.270","5.270","5.231","-0.70%"
"09/01/2024","5.268","5.236","5.268","5.236","0.53%"
"08/01/2024","5.240","5.256","5.256","5.240","0.10%"
"05/01/2024","5.235","5.255","5.262","5.235","-0.36%"
"04/01/2024","5.254","5.229","5.254","5.229","0.50%"
"03/01/2024","5.228","5.228","5.228","5.228","0.08%"
"02/01/2024","5.224","5.222","5.224","5.218","-1.25%"
"01/01/2024","5.290","5.290","5.290","5.290","0.40%"
"29/12/2023","5.269","5.217","5.269","5.217","1.31%"
"28/12/2023","5.201","5.228","5.231","5.201","-0.52%"
"27/12/2023","5.228","5.235","5.235","5.228","-0.21%"
"26/12/2023","5.239","5.221","5.239","5.221","0.00%"
"25/12/2023","5.239","5.221","5.239","5.221","0.13%"
"22/12/2023","5.232","5.221","5.232","5.221","0.11%"
"21/12/2023","5.226","5.246","5.254","5.226","-0.42%"
"20/12/2023","5.248","5.248","5.248","5.248","-0.83%"
"19/12/2023","5.292","5.262","5.290","5.262","0.47%"
"18/12/2023","5.267","5.280","5.280","5.267","-0.28%"
"15/12/2023","5.282","5.290","5.303","5.271","0.40%"
"14/12/2023","5.261","5.218","5.261","5.218","-0.42%"
"13/12/2023","5.283","5.304","5.304","5.283","-0.81%"
"12/12/2023","5.326","5.317","5.326","5.317","-0.78%"
"11/12/2023","5.368","5.341","5.365","5.341","0.69%"
"08/12/2023","5.331","5.331","5.331","5.331","-0.24%"
"07/12/2023","5.344","5.336","5.344","5.336","0.75%"
"06/12/2023","5.304","5.321","5.334","5.293","-0.28%"
"05/12/2023","5.319","5.330","5.330","5.319","-1.12%"
"04/12/2023","5.379","5.379","5.379","5.379","0.94%"
"01/12/2023","5.329","5.349","5.353","5.338","-0.56%"
"30/11/2023","5.359","5.359","5.359","5.359","-0.06%"
"29/11/2023","5.362","5.364","5.364","5.362","-0.11%"
"28/11/2023","5.368","5.377","5.377","5.368","-0.52%"
"27/11/2023","5.396","5.383","5.396","5.379","-0.07%"
"24/11/2023","5.400","5.383","5.405","5.383","0.11%"
"23/11/2023","5.394","5.372","5.409","5.368","0.32%"
"22/11/2023","5.377","5.364","5.377","5.355","0.17%"
"21/11/2023","5.368","5.334","5.368","5.334","0.13%"
"20/11/2023","5.361","5.365","5.365","5.357","-0.13%"
"17/11/2023","5.368","5.357","5.366","5.357","0.52%"
"16/11/2023","5.340","5.346","5.346","5.340","-0.21%"
"15/11/2023","5.351","5.351","5.351","5.351","-0.35%"
"14/11/2023","5.370","5.389","5.389","5.366","-0.28%"
"13/11/2023","5.385","5.392","5.392","5.385","-0.17%"
"10/11/2023","5.394","5.402","5.402","5.394","-0.35%"
"09/11/2023","5.413","5.409","5.413","5.409","0.17%"
"08/11/2023","5.404","5.362","5.402","5.362","0.54%"
"07/11/2023","5.375","5.351","5.375","5.341","-0.72%"
"06/11/2023","5.414","5.414","5.414","5.414","0.37%"
"03/11/2023","5.394","5.418","5.422","5.394","-0.20%"
"02/11/2023","5.405","5.411","5.426","5.405","-0.31%"
"01/11/2023","5.422","5.432","5.432","5.422","-0.18%"
"31/10/2023","5.432","5.415","5.432","5.415","0.06%"
"30/10/2023","5.429","5.403","5.429","5.401","0.37%"
"27/10/2023","5.409","5.424","5.424","5.409","-0.24%"
"26/10/2023","5.422","5.430","5.437","5.426","-0.15%"
"25/10/2023","5.430","5.434","5.434","5.430","-0.11%"
"24/10/2023","5.436","5.445","5.447","5.438","-0.28%"
"23/10/2023","5.451","5.416","5.451","5.416","0.66%"
"20/10/2023","5.415","5.428","5.428","5.415","-0.82%"
"19/10/2023","5.460","5.469","5.469","5.463","-0.35%"
"18/10/2023","5.479","5.458","5.479","5.449","0.44%"
"17/10/2023","5.455","5.443","5.455","5.438","-0.09%"
"16/10/2023","5.460","5.440","5.453","5.440","0.39%"
"13/10/2023","5.439","5.396","5.439","5.396","1.00%"
"12/10/2023","5.385","5.387","5.387","5.385","-1.10%"
"11/10/2023","5.445","5.439","5.445","5.439","0.04%"
"10/10/2023","5.443","5.464","5.464","5.443","-0.49%"
"09/10/2023","5.470","5.466","5.470","5.466","-0.09%"
"06/10/2023","5.475","5.454","5.475","5.454","0.66%"
"05/10/2023","5.439","5.466","5.466","5.439","-0.49%"
"04/10/2023","5.466","5.483","5.483","5.455","-0.35%"
"03/10/2023","5.485","5.455","5.483","5.449","0.09%"
"02/10/2023","5.480","5.473","5.480","5.469","1.11%"
"29/09/2023","5.420","5.433","5.435","5.420","-0.66%"
"28/09/2023","5.456","5.445","5.478","5.445","0.28%"
"27/09/2023","5.441","5.381","5.434","5.377","1.00%"
"26/09/2023","5.387","5.372","5.379","5.368","-1.45%"
"25/09/2023","5.466","5.438","5.466","5.438","0.57%"
"22/09/2023","5.435","5.448","5.450","5.435","-0.55%"
"21/09/2023","5.465","5.572","5.581","5.458","-1.50%"
"20/09/2023","5.548","5.531","5.548","5.518","-2.05%"
"19/09/2023","5.664","5.677","5.677","5.668","-0.28%"
"18/09/2023","5.680","5.697","5.704","5.680","-0.25%"
"15/09/2023","5.694","5.679","5.692","5.679","0.55%"
"14/09/2023","5.663","5.648","5.665","5.628","0.57%"
"13/09/2023","5.631","5.674","5.678","5.638","-0.58%"
"12/09/2023","5.664","5.673","5.692","5.664","-0.25%"
"11/09/2023","5.678","5.625","5.678","5.625","1.61%"
"08/09/2023","5.588","5.612","5.619","5.593","-0.41%"
"07/09/2023","5.611","5.613","5.613","5.589","-0.32%"
"06/09/2023","5.629","5.693","5.693","5.629","-1.18%"
"05/09/2023","5.696","5.696","5.696","5.696","-0.14%"
"04/09/2023","5.704","5.700","5.704","5.700","0.90%"
"01/09/2023","5.653","5.662","5.662","5.632","-0.05%"
"31/08/2023","5.656","5.684","5.686","5.656","-0.77%"
"30/08/2023","5.700","5.726","5.726","5.700","-0.52%"
"29/08/2023","5.730","5.743","5.752","5.730","0.32%"
"28/08/2023","5.712","5.716","5.718","5.707","0.09%"
"25/08/2023","5.707","5.716","5.716","5.707","-0.21%"
"24/08/2023","5.719","5.729","5.729","5.719","-0.16%"
"23/08/2023","5.728","5.768","5.768","5.728","-1.65%"
"22/08/2023","5.824","5.786","5.822","5.762","1.04%"
"21/08/2023","5.764","5.741","5.761","5.741","0.49%"
"18/08/2023","5.736","5.742","5.742","5.738","-1.22%"
"17/08/2023","5.807","5.729","5.794","5.729","1.47%"
"16/08/2023","5.723","5.719","5.723","5.702","-0.02%"
"15/08/2023","5.724","5.858","5.897","5.709","1.17%"
"14/08/2023","5.658","5.576","5.653","5.574","1.76%"
"11/08/2023","5.560","5.571","5.571","5.560","0.25%"
"10/08/2023","5.546","5.557","5.557","5.546","-0.31%"
"09/08/2023","5.563","5.567","5.567","5.565","-0.32%"
"08/08/2023","5.581","5.696","5.696","5.581","0.13%"
"07/08/2023","5.574","5.574","5.579","5.574","0.40%"
"04/08/2023","5.552","5.580","5.591","5.552","-0.32%"
"03/08/2023","5.570","5.658","5.658","5.312","-1.47%"
"02/08/2023","5.653","5.672","5.672","5.653","-0.56%"
"01/08/2023","5.685","5.681","5.681","5.681","-0.02%"
"31/07/2023","5.686","5.686","5.686","5.686","0.16%"
"28/07/2023","5.677","5.642","5.690","5.642","0.25%"
"27/07/2023","5.663","5.676","5.676","5.663","-0.72%"
"26/07/2023","5.704","5.661","5.700","5.661","0.78%"
"25/07/2023","5.660","5.713","5.717","5.670","-1.00%"
"24/07/2023","5.717","5.717","5.717","5.717","-0.30%"
"21/07/2023","5.734","5.725","5.734","5.716","0.16%"
"20/07/2023","5.725","5.673","5.725","5.673","1.01%"
"19/07/2023","5.668","5.719","5.721","5.668","-0.53%"
"18/07/2023","5.698","5.726","5.726","5.702","-1.62%"
"17/07/2023","5.792","5.799","5.816","5.792","-0.29%"
"14/07/2023","5.809","5.781","5.805","5.781","1.17%"
"13/07/2023","5.742","5.790","5.790","5.745","-1.05%"
"12/07/2023","5.803","5.820","5.820","5.805","-0.26%"
"11/07/2023","5.818","5.818","5.818","5.818","1.64%"
"10/07/2023","5.724","5.728","5.728","5.724","-1.29%"
"07/07/2023","5.799","5.740","5.799","5.738","0.57%"
"06/07/2023","5.766","5.740","5.788","5.740","0.96%"
"05/07/2023","5.711","5.692","5.711","5.692","0.04%"
"04/07/2023","5.709","5.707","5.709","5.707","1.22%"
"03/07/2023","5.640","5.653","5.653","5.644","-0.67%"
"30/06/2023","5.678","5.642","5.678","5.642","0.62%"
"29/06/2023","5.643","5.592","5.643","5.592","0.82%"
"28/06/2023","5.597","5.590","5.618","5.563","0.29%"
"27/06/2023","5.581","5.560","5.577","5.558","-0.78%"
"26/06/2023","5.625","5.609","5.623","5.609","0.30%"
"23/06/2023","5.608","5.799","5.833","5.608","-2.81%"
"22/06/2023","5.770","5.273","5.770","5.246","9.49%"
"21/06/2023","5.270","5.422","5.441","5.240","-0.77%"
"20/06/2023","5.311","5.309","5.309","5.279","3.33%"
"19/06/2023","5.140","5.179","5.184","5.118","-0.52%"
"16/06/2023","5.167","5.090","5.152","4.982","1.31%"
"15/06/2023","5.100","5.239","5.239","5.078","-2.91%"
"14/06/2023","5.253","5.251","5.253","5.251","0.48%"
"13/06/2023","5.228","5.209","5.253","5.209","2.33%"
"12/06/2023","5.109","5.100","5.131","5.100","0.47%"
"09/06/2023","5.085","5.075","5.107","5.075","0.63%"
"08/06/2023","5.053","5.057","5.057","5.057","-0.71%"
"07/06/2023","5.089","5.065","5.086","5.065","0.65%"
"06/06/2023","5.056","5.120","5.120","5.056","-0.57%"
"05/06/2023","5.085","5.278","5.278","5.063","-3.09%"
"02/06/2023","5.247","5.249","5.249","5.247","-0.02%"
"01/06/2023","5.248","5.256","5.261","5.224","-0.25%"
"31/05/2023","5.261","5.266","5.274","5.261","4.22%"
"30/05/2023","5.048","5.112","5.132","5.048","-0.39%"
"29/05/2023","5.068","5.051","5.109","5.029","-0.30%"
"26/05/2023","5.083","5.051","5.109","5.029","-0.04%"
"25/05/2023","5.085","4.991","5.074","4.991","1.76%"
"24/05/2023","4.997","4.999","4.999","4.974","3.46%"
"23/05/2023","4.830","4.845","4.859","4.809","0.52%"
"22/05/2023","4.805","4.781","4.805","4.781","0.75%"
"19/05/2023","4.769","4.784","4.797","4.772","-0.44%"
"18/05/2023","4.790","4.766","4.790","4.766","0.08%"
"17/05/2023","4.786","4.767","4.784","4.767","0.15%"
"16/05/2023","4.779","4.777","4.777","4.777","0.04%"
"15/05/2023","4.777","4.751","4.777","4.751","-0.46%"
"12/05/2023","4.799","4.789","4.797","4.789","0.38%"
"11/05/2023","4.781","4.768","4.781","4.768","0.19%"
"10/05/2023","4.772","4.774","4.782","4.744","0.25%"
"09/05/2023","4.760","4.703","4.758","4.703","1.93%"
"08/05/2023","4.670","4.670","4.670","4.670","-0.51%"
"05/05/2023","4.694","4.728","4.741","4.694","-0.68%"
"04/05/2023","4.726","4.730","4.741","4.730","-0.11%"
"03/05/2023","4.731","4.765","4.765","4.731","-0.34%"
"02/05/2023","4.747","4.723","4.747","4.723","0.64%"
"01/05/2023","4.717","4.690","4.717","4.690","0.02%"
"28/04/2023","4.716","4.690","4.716","4.690","0.58%"
"27/04/2023","4.689","4.651","4.689","4.651","1.14%"
"26/04/2023","4.636","4.646","4.646","4.636","-1.70%"
"25/04/2023","4.716","4.716","4.716","4.716","0.90%"
"24/04/2023","4.674","4.674","4.674","4.674","-0.66%"
"21/04/2023","4.705","4.709","4.709","4.709","0.38%"
"20/04/2023","4.687","4.713","4.713","4.687","-0.80%"
"19/04/2023","4.725","4.655","4.725","4.655","4.26%"
"18/04/2023","4.532","4.570","4.570","4.532","1.59%"
"17/04/2023","4.461","4.461","4.461","4.461","-1.09%"
"14/04/2023","4.510","4.426","4.510","4.426","1.92%"
"13/04/2023","4.425","4.423","4.423","4.423","-0.32%"
"12/04/2023","4.439","4.424","4.439","4.424","-1.44%"
"11/04/2023","4.504","4.504","4.504","4.504","2.39%"
"10/04/2023","4.399","4.417","4.417","4.397","0.01%"
"07/04/2023","4.398","4.398","4.398","4.398","0.03%"
"06/04/2023","4.397","4.417","4.417","4.397","-0.32%"
"05/04/2023","4.411","4.411","4.411","4.411","-0.50%"
"04/04/2023","4.433","4.433","4.433","4.433","0.75%"
"03/04/2023","4.400","4.398","4.398","4.398","-0.74%"
"31/03/2023","4.433","4.364","4.433","4.364","1.49%"
"30/03/2023","4.368","4.336","4.368","4.336","0.67%"
"29/03/2023","4.339","4.360","4.360","4.339","-1.48%"
"28/03/2023","4.404","4.359","4.404","4.359","0.18%"
"27/03/2023","4.396","4.313","4.396","4.313","-1.26%"
"24/03/2023","4.452","4.514","4.514","4.452","-1.44%"
"23/03/2023","4.517","4.517","4.517","4.517","-0.88%"
"22/03/2023","4.557","4.328","4.557","4.328","8.40%"
"21/03/2023","4.204","4.139","4.204","4.139","-0.64%"
"20/03/2023","4.231","4.231","4.298","4.231","-0.17%"
"17/03/2023","4.238","4.264","4.264","4.238","1.27%"
"16/03/2023","4.185","4.221","4.221","4.185","-1.53%"
"15/03/2023","4.250","4.250","4.250","4.250","-2.32%"
"14/03/2023","4.351","4.351","4.351","4.351","6.28%"
"13/03/2023","4.094","4.257","4.257","4.094","-5.54%"
"10/03/2023","4.334","4.386","4.386","4.334","-1.25%"
"09/03/2023","4.389","4.389","4.389","4.389","-1.08%"
"08/03/2023","4.437","4.371","4.437","4.371","2.12%"
"07/03/2023","4.345","4.336","4.345","4.336","0.60%"
"06/03/2023","4.319","4.284","4.319","4.284","0.56%"
"03/03/2023","4.295","4.295","4.295","4.295","2.85%"
"02/03/2023","4.176","4.229","4.229","4.176","-1.79%"
"01/03/2023","4.252","4.252","4.252","4.252","-1.44%"
"28/02/2023","4.314","4.308","4.314","4.308","-0.07%"
"27/02/2023","4.317","4.272","4.344","4.272","0.75%"
"24/02/2023","4.285","4.274","4.285","4.274","0.26%"
"23/02/2023","4.274","4.274","4.274","4.274","-1.02%"
"22/02/2023","4.318","4.314","4.318","4.314","1.10%"
"21/02/2023","4.271","4.166","4.271","4.166","2.01%"
"20/02/2023","4.187","4.168","4.187","4.168","0.22%"
"17/02/2023","4.178","4.140","4.178","4.140","1.43%"
"16/02/2023","4.119","4.159","4.159","4.119","-1.53%"
"15/02/2023","4.183","4.206","4.206","4.183","-1.04%"
"14/02/2023","4.227","4.210","4.227","4.210","0.43%"
"13/02/2023","4.209","4.176","4.209","4.176","-0.09%"
"10/02/2023","4.213","4.185","4.213","4.185","0.93%"
"09/02/2023","4.174","4.174","4.174","4.174","-0.22%"
"08/02/2023","4.183","4.176","4.183","4.176","0.41%"
"07/02/2023","4.166","4.168","4.168","4.166","-0.67%"
"06/02/2023","4.194","4.144","4.194","4.144","0.74%"
"03/02/2023","4.163","4.163","4.163","4.163","0.97%"
"02/02/2023","4.123","4.151","4.151","4.123","-1.53%"
"01/02/2023","4.187","4.181","4.187","4.181","-0.14%"
"31/01/2023","4.193","4.200","4.200","4.193","-0.43%"
"30/01/2023","4.211","4.185","4.211","4.185","2.13%"
"27/01/2023","4.123","4.129","4.129","4.123","-0.98%"
"26/01/2023","4.164","4.138","4.164","4.138","-0.60%"
"25/01/2023","4.189","4.189","4.189","4.189","2.25%"
"24/01/2023","4.097","4.120","4.120","4.097","-0.29%"
"23/01/2023","4.109","4.109","4.133","4.109","-0.34%"
"20/01/2023","4.123","4.104","4.123","4.104","0.46%"
"19/01/2023","4.104","4.104","4.104","4.104","-1.08%"
"18/01/2023","4.149","4.115","4.149","4.115","0.56%"
"17/01/2023","4.126","4.099","4.126","4.099","0.00%"
"16/01/2023","4.126","4.100","4.126","4.100","0.59%"
"13/01/2023","4.102","4.097","4.102","4.097","1.64%"
"12/01/2023","4.036","4.060","4.060","4.036","-1.01%"
"11/01/2023","4.077","4.077","4.077","4.077","-1.78%"
"10/01/2023","4.151","3.992","4.151","3.992","2.49%"
"09/01/2023","4.050","4.050","4.050","4.050","0.77%"
"06/01/2023","4.019","3.979","4.019","3.979","1.49%"
"05/01/2023","3.960","3.960","3.960","3.960","-0.48%"
"04/01/2023","3.979","3.986","3.986","3.979","-0.45%"
"03/01/2023","3.997","4.006","4.006","3.997","0.23%"
"02/01/2023","3.988","3.988","3.988","3.988","-0.82%"
"30/12/2022","4.021","4.016","4.021","4.016","0.15%"
"29/12/2022","4.015","4.115","4.115","4.115","-0.84%"
"28/12/2022","4.049","4.049","4.049","4.049","1.04%"
"27/12/2022","4.008","4.008","4.008","4.008","0.00%"
"26/12/2022","4.008","4.008","4.008","4.008","-0.90%"
"23/12/2022","4.044","4.016","4.044","4.016","1.68%"
"22/12/2022","3.977","3.977","3.977","3.977","-0.40%"
"21/12/2022","3.993","3.995","3.995","3.993","-1.72%"
"20/12/2022","4.063","4.046","4.063","4.046","2.16%"
"19/12/2022","3.977","3.931","3.977","3.931","1.07%"
"16/12/2022","3.935","3.929","3.935","3.929","-1.63%"
"15/12/2022","4.000","4.000","4.000","4.000","1.52%"
"14/12/2022","3.940","4.031","4.031","3.940","-2.38%"
"13/12/2022","4.036","4.000","4.036","4.000","1.82%"
"12/12/2022","3.964","3.936","3.964","3.936","-2.75%"
"09/12/2022","4.076","4.059","4.076","4.059","1.62%"
"08/12/2022","4.011","4.011","4.011","4.011","0.20%"
"07/12/2022","4.003","4.005","4.005","4.003","1.29%"
"06/12/2022","3.952","4.034","4.034","3.952","1.54%"
"05/12/2022","3.892","3.836","3.892","3.836","1.43%"
"02/12/2022","3.837","3.837","3.837","3.837","0.39%"
"01/12/2022","3.822","3.915","3.915","3.822","-2.77%"
"30/11/2022","3.931","3.899","3.931","3.899","2.96%"
"29/11/2022","3.818","3.828","3.828","3.818","0.26%"
"28/11/2022","3.808","3.843","3.843","3.808","-0.55%"
"25/11/2022","3.829","3.795","3.829","3.795","2.22%"
"24/11/2022","3.746","3.761","3.761","3.746","-1.29%"
"23/11/2022","3.795","3.795","3.795","3.795","-1.84%"
"22/11/2022","3.866","3.866","3.866","3.866","2.38%"
"21/11/2022","3.776","3.756","3.776","3.756","-0.26%"
"18/11/2022","3.786","3.765","3.786","3.765","2.94%"
"17/11/2022","3.678","3.693","3.693","3.678","-2.00%"
"16/11/2022","3.753","3.715","3.753","3.715","-0.98%"
"15/11/2022","3.790","3.782","3.790","3.782","0.96%"
"14/11/2022","3.754","3.672","3.754","3.672","1.71%"
"11/11/2022","3.691","3.576","3.691","3.576","0.00%"
"10/11/2022","3.691","3.691","3.691","3.691","-0.24%"
"09/11/2022","3.700","3.820","3.820","3.700","-3.14%"
"08/11/2022","3.820","3.820","3.820","3.820","0.66%"
"07/11/2022","3.795","3.771","3.795","3.771","4.86%"
"04/11/2022","3.619","3.666","3.666","3.619","-1.52%"
"03/11/2022","3.675","3.759","3.759","3.675","-2.39%"
"02/11/2022","3.765","3.765","3.765","3.765","1.21%"
"01/11/2022","3.720","3.649","3.720","3.639","2.03%"
"31/10/2022","3.646","3.629","3.739","3.629","2.50%"
"28/10/2022","3.557","3.557","3.557","3.557","2.45%"
"27/10/2022","3.472","3.657","3.657","3.472","-7.07%"
"26/10/2022","3.736","3.753","3.753","3.736","-1.50%"
"25/10/2022","3.793","3.813","3.813","3.793","5.21%"
"24/10/2022","3.605","3.620","3.620","3.605","-7.35%"
"21/10/2022","3.891","3.895","3.895","3.891","1.41%"
"20/10/2022","3.837","3.894","3.894","3.837","0.18%"
"19/10/2022","3.830","3.830","3.830","3.830","0.87%"
"18/10/2022","3.797","3.793","3.797","3.793","0.85%"
"17/10/2022","3.765","3.842","3.842","3.765","-2.64%"
"14/10/2022","3.867","4.000","4.000","3.867","-3.81%"
"13/10/2022","4.020","4.060","4.060","4.020","-1.57%"
"12/10/2022","4.084","4.084","4.084","4.084","-1.87%"
"11/10/2022","4.162","4.120","4.162","4.120","-1.02%"
"10/10/2022","4.205","4.159","4.205","4.159","1.30%"
"07/10/2022","4.151","3.978","4.151","3.978","4.04%"
"06/10/2022","3.990","3.909","3.990","3.909","3.42%"
"05/10/2022","3.858","3.774","3.858","3.774","10.04%"
"04/10/2022","3.506","3.665","3.665","3.506","-5.95%"
"03/10/2022","3.728","3.728","3.728","3.728","0.03%"
"30/09/2022","3.727","3.999","3.999","3.727","-8.20%"
"29/09/2022","4.060","4.000","4.060","4.000","1.96%"
"28/09/2022","3.982","3.822","3.982","3.822","13.09%"
"27/09/2022","3.521","3.751","3.751","3.521","-22.39%"
"26/09/2022","4.537","2.929","4.537","2.929","53.48%"
"23/09/2022","2.956","2.945","2.996","2.945","-2.09%"
"22/09/2022","3.019","2.996","3.019","2.996","-2.77%"
"21/09/2022","3.105","3.105","3.105","3.105","3.19%"
"20/09/2022","3.009","3.009","3.009","3.009","0.57%"
"19/09/2022","2.992","2.992","2.992","2.992","-0.89%"
"16/09/2022","3.019","2.952","3.019","2.952","1.75%"
"15/09/2022","2.967","2.950","2.967","2.950","-3.13%"
"14/09/2022","3.063","3.063","3.063","3.063","2.89%"
"13/09/2022","2.977","2.977","2.977","2.977","4.46%"
"12/09/2022","2.850","2.820","2.850","2.820","0.21%"
"09/09/2022","2.844","2.844","2.844","2.844","0.78%"
"08/09/2022","2.822","2.832","2.851","2.822","-1.78%"
"07/09/2022","2.873","2.854","2.873","2.854","-0.31%"
"06/09/2022","2.882","2.911","2.911","2.882","0.21%"
"05/09/2022","2.876","2.895","2.895","2.876","-0.66%"
"02/09/2022","2.895","2.895","2.895","2.895","1.29%"
"01/09/2022","2.858","2.858","2.858","2.858","1.71%"
"31/08/2022","2.810","2.810","2.810","2.810","0.04%"
"30/08/2022","2.809","2.809","2.809","2.797","6.48%"
"29/08/2022","2.638","2.407","2.746","2.407","8.03%"
"26/08/2022","2.442","2.442","2.442","2.386","0.04%"
"25/08/2022","2.441","2.441","2.441","2.441","-0.65%"
"24/08/2022","2.457","2.457","2.457","2.457","0.66%"
"23/08/2022","2.441","2.437","2.441","2.437","1.33%"
"22/08/2022","2.409","2.409","2.409","2.409","0.17%"
"19/08/2022","2.405","2.394","2.405","2.394","4.20%"
"18/08/2022","2.308","2.308","2.308","2.308","2.62%"
"17/08/2022","2.249","2.249","2.249","2.249","1.31%"
"16/08/2022","2.220","2.290","2.290","2.220","-0.45%"
"15/08/2022","2.230","2.230","2.230","2.230","0.45%"
"12/08/2022","2.220","2.188","2.220","2.188","1.74%"
"11/08/2022","2.182","2.182","2.182","2.182","-1.45%"
"10/08/2022","2.214","2.195","2.214","2.195","1.05%"
"09/08/2022","2.191","2.230","2.230","2.191","0.46%"
"08/08/2022","2.181","2.149","2.181","2.149","1.39%"
"05/08/2022","2.151","2.151","2.151","2.151","2.87%"
"04/08/2022","2.091","2.091","2.091","2.091","0.58%"
"03/08/2022","2.079","2.061","2.079","2.061","0.92%"
"02/08/2022","2.060","2.060","2.060","2.060","3.31%"
"01/08/2022","1.994","1.994","1.994","1.994","-3.25%"
"29/07/2022","2.061","2.180","2.180","2.061","-5.46%"
"28/07/2022","2.180","2.191","2.191","2.180","1.92%"
"27/07/2022","2.139","2.139","2.139","2.139","-0.05%"
"26/07/2022","2.140","2.140","2.140","2.140","5.73%"
"25/07/2022","2.024","1.960","2.024","1.949","3.27%"
"22/07/2022","1.960","1.927","1.960","1.927","-2.97%"
"21/07/2022","2.020","2.020","2.020","2.020","-0.49%"
"20/07/2022","2.030","2.030","2.030","2.030","-0.05%"
"19/07/2022","2.031","2.152","2.152","2.031","2.63%"
"18/07/2022","1.979","1.941","1.979","1.941","2.06%"
"15/07/2022","1.939","1.939","1.939","1.939","0.00%"
"14/07/2022","1.939","1.939","1.939","1.939","0.47%"
"13/07/2022","1.930","1.930","1.930","1.930","-0.44%"
"12/07/2022","1.939","1.939","1.939","1.939","0.75%"
"11/07/2022","1.924","1.924","1.924","1.924","4.23%"
"08/07/2022","1.846","1.856","1.856","1.846","-0.54%"
"07/07/2022","1.856","1.856","1.856","1.856","1.50%"
"06/07/2022","1.829","1.829","1.829","1.829","-2.22%"
"05/07/2022","1.870","1.942","1.962","1.870","-0.80%"
"04/07/2022","1.885","1.885","1.885","1.885","1.67%"
"01/07/2022","1.854","1.854","1.854","1.854","0.00%"
"30/06/2022","1.854","1.854","1.854","1.854","-1.64%"
"29/06/2022","1.885","1.885","1.885","1.885","-4.51%"
"28/06/2022","1.974","1.917","1.974","1.917","6.59%"
"27/06/2022","1.852","1.852","1.852","1.852","5.23%"
"24/06/2022","1.760","1.877","1.877","1.760","-6.23%"
"23/06/2022","1.877","1.900","1.900","1.877","-1.16%"
"22/06/2022","1.899","1.899","1.899","1.899","-0.58%"
"21/06/2022","1.910","1.910","1.910","1.910","5.29%"
"20/06/2022","1.814","1.814","1.814","1.814","4.31%"
"17/06/2022","1.739","1.739","1.739","1.739","6.04%"
"16/06/2022","1.640","1.640","1.640","1.640","0.06%"
"15/06/2022","1.639","1.639","1.639","1.639","-0.12%"
"14/06/2022","1.641","1.579","1.641","1.579","4.99%"
"13/06/2022","1.563","1.563","1.563","1.563","9.99%"
"10/06/2022","1.421","1.421","1.421","1.421","-1.11%"
"09/06/2022","1.437","1.437","1.437","1.437","-6.08%"
"08/06/2022","1.530","1.530","1.530","1.530","-0.65%"
"07/06/2022","1.540","1.540","1.540","1.540","6.13%"
"06/06/2022","1.451","1.451","1.451","1.451","7.01%"
"03/06/2022","1.356","1.356","1.356","1.356","0.00%"
"02/06/2022","1.356","1.356","1.356","1.356","-3.21%"
"01/06/2022","1.401","1.401","1.401","1.401","1.01%"
"31/05/2022","1.387","1.383","1.395","1.383","2.14%"
"30/05/2022","1.358","1.358","1.358","1.358","3.66%"
"27/05/2022","1.310","1.310","1.310","1.310","-3.03%"
"26/05/2022","1.351","1.351","1.351","1.351","0.15%"
"25/05/2022","1.349","1.349","1.349","1.349","-0.07%"
"24/05/2022","1.350","1.350","1.350","1.350","-1.10%"
"23/05/2022","1.365","1.322","1.365","1.322","3.17%"
"20/05/2022","1.323","1.323","1.323","1.323","-1.78%"
"19/05/2022","1.347","1.347","1.347","1.347","-1.10%"
"18/05/2022","1.362","1.362","1.362","1.362","0.44%"
"17/05/2022","1.356","1.350","1.356","1.350","7.88%"
"16/05/2022","1.257","1.257","1.257","1.257","0.08%"
"13/05/2022","1.256","1.256","1.256","1.256","-4.70%"
"12/05/2022","1.318","1.318","1.318","1.318","-0.68%"
"11/05/2022","1.327","1.327","1.327","1.327","-8.42%"
"10/05/2022","1.449","1.449","1.449","1.449","-2.82%"
"09/05/2022","1.491","1.481","1.491","1.481","0.68%"
"06/05/2022","1.481","1.481","1.481","1.481","0.00%"
"05/05/2022","1.481","1.481","1.481","1.481","2.14%"
"04/05/2022","1.450","1.450","1.450","1.450","3.28%"
"03/05/2022","1.404","1.404","1.404","1.404","-0.14%"
"02/05/2022","1.406","1.406","1.406","1.406","0.00%"
"29/04/2022","1.406","1.406","1.406","1.406","0.00%"
"28/04/2022","1.406","1.406","1.406","1.406","-0.07%"
"27/04/2022","1.407","1.407","1.407","1.407","0.29%"
"26/04/2022","1.403","1.401","1.403","1.399","10.13%"
"25/04/2022","1.274","1.274","1.274","1.274","1.03%"
"22/04/2022","1.261","1.142","1.381","1.142","10.03%"
"21/04/2022","1.146","1.146","1.146","1.146","0.70%"
"20/04/2022","1.138","1.138","1.138","1.138","7.16%"
"19/04/2022","1.062","1.062","1.062","1.062","5.67%"
"18/04/2022","1.005","0.977","1.005","0.977","2.87%"
"15/04/2022","0.977","0.977","0.977","0.977","-6.69%"
"14/04/2022","1.047","1.039","1.047","1.039","0.10%"
"13/04/2022","1.046","1.025","1.046","1.025","1.95%"
"12/04/2022","1.026","1.020","1.026","1.020","12.38%"
"11/04/2022","0.913","0.892","0.913","0.892","4.10%"
"08/04/2022","0.877","0.869","0.877","0.869","1.50%"
"07/04/2022","0.864","0.864","0.864","0.864","5.24%"
"06/04/2022","0.821","0.821","0.821","0.821","-7.86%"
"05/04/2022","0.891","0.891","0.891","0.891","-13.41%"
"04/04/2022","1.029","1.027","1.029","1.027","0.10%"
"01/04/2022","1.028","1.028","1.028","1.028","-0.29%"
"31/03/2022","1.031","1.031","1.031","1.031","-0.58%"
"30/03/2022","1.037","1.037","1.037","1.037","-0.29%"
"29/03/2022","1.040","1.038","1.040","1.038","10.76%"
"28/03/2022","0.939","0.892","0.939","0.892","6.83%"
"25/03/2022","0.879","0.987","0.987","0.879","-10.67%"
"24/03/2022","0.984","0.984","0.984","0.984","-2.09%"
"23/03/2022","1.005","0.998","1.005","0.998","1.21%"
"22/03/2022","0.993","0.993","0.993","0.993","0.00%"
"21/03/2022","0.993","0.993","0.993","0.993","1.22%"
"18/03/2022","0.981","0.981","0.981","0.981","0.20%"
"17/03/2022","0.979","0.979","0.979","0.979","-0.10%"
"16/03/2022","0.980","0.980","0.980","0.980","-0.10%"
"15/03/2022","0.981","0.981","0.981","0.981","2.51%"
"14/03/2022","0.957","0.970","0.970","0.957","-1.34%"
"11/03/2022","0.970","1.010","1.010","0.970","-3.77%"
"10/03/2022","1.008","1.008","1.008","1.008","-0.10%"
"09/03/2022","1.009","1.009","1.009","1.009","2.44%"
"08/03/2022","0.985","1.003","1.003","0.985","6.95%"
"07/03/2022","0.921","0.921","0.921","0.921","2.91%"
"04/03/2022","0.895","0.891","0.895","0.891","0.56%"
"03/03/2022","0.890","0.882","1.029","0.882","0.34%"
"02/03/2022","0.887","0.877","0.887","0.877","3.14%"
"01/03/2022","0.860","1.605","2.963","0.860","-3.37%"
"28/02/2022","0.890","0.970","0.970","0.823","-8.06%"
"25/02/2022","0.968","0.970","0.970","0.968","-4.54%"
"24/02/2022","1.014","1.056","1.056","1.014","-5.76%"
"23/02/2022","1.076","1.076","1.076","1.076","17.47%"
"22/02/2022","0.916","0.916","0.916","0.916","2.69%"
"21/02/2022","0.892","0.890","0.892","0.890","-0.22%"
"18/02/2022","0.894","0.790","0.894","0.790","12.59%"
"17/02/2022","0.794","0.835","0.835","0.794","-3.29%"
"16/02/2022","0.821","0.855","0.855","0.821","-5.52%"
"15/02/2022","0.869","0.855","0.869","0.855","-2.36%"
"14/02/2022","0.890","0.911","0.911","0.890","-4.20%"
"11/02/2022","0.929","0.790","0.929","0.790","15.55%"
"10/02/2022","0.804","0.786","0.804","0.786","1.77%"
"09/02/2022","0.790","0.790","0.790","0.790","0.64%"
"08/02/2022","0.785","0.804","0.804","0.785","-9.25%"
"07/02/2022","0.865","0.949","0.949","0.810","-10.27%"
"04/02/2022","0.964","0.780","0.964","0.780","44.53%"
"03/02/2022","0.667","0.568","0.667","0.566","11.54%"
"02/02/2022","0.598","0.586","0.598","0.586","0.50%"
"01/02/2022","0.595","0.491","0.595","0.491","11.21%"
"31/01/2022","0.535","0.508","0.535","0.508","11.23%"
"28/01/2022","0.481","0.479","0.481","0.479","17.03%"
"27/01/2022","0.411","0.374","0.411","0.374","15.45%"
"26/01/2022","0.356","0.356","0.356","0.356","-5.82%"
"25/01/2022","0.378","0.378","0.378","0.378","36.96%"
"24/01/2022","0.276","0.276","0.276","0.276","1.85%"
"21/01/2022","0.271","0.271","0.271","0.271","-4.58%"
"20/01/2022","0.284","0.284","0.284","0.284","0.71%"
"19/01/2022","0.282","0.282","0.282","0.282","8.05%"
"18/01/2022","0.261","0.261","0.261","0.261","1.56%"
"17/01/2022","0.257","0.257","0.257","0.257","2.80%"
"14/01/2022","0.250","0.246","0.250","0.246","1.21%"
"13/01/2022","0.247","0.249","0.249","0.247","-13.03%"
"12/01/2022","0.284","0.278","0.284","0.278","14.52%"
"11/01/2022","0.248","0.248","0.248","0.248","-22.01%"
"10/01/2022","0.318","0.305","0.318","0.305","8.53%"
"07/01/2022","0.293","0.289","0.293","0.289","45.05%"
"06/01/2022","0.202","0.191","0.202","0.191","5.21%"
"05/01/2022","0.192","0.499","0.499","0.192","-64.04%"
"04/01/2022","0.534","0.477","0.534","0.185","229.63%"
"03/01/2022","0.162","0.172","0.172","0.162","-5.81%"
"31/12/2021","0.172","0.172","0.172","0.172","-4.44%"
"30/12/2021","0.180","0.180","0.180","0.180","0.56%"
"29/12/2021","0.179","0.179","0.179","0.179","9.48%"
"28/12/2021","0.163","0.163","0.163","0.163","0.00%"
"27/12/2021","0.163","0.163","0.163","0.163","-27.65%"
"24/12/2021","0.226","0.226","0.226","0.226","-0.44%"
"23/12/2021","0.227","0.208","0.227","0.208","22.70%"
"22/12/2021","0.185","0.193","0.193","0.185","13.50%"
"21/12/2021","0.163","0.163","0.163","0.163","-43.01%"
"20/12/2021","0.286","0.286","0.286","0.286","6.32%"
"17/12/2021","0.269","0.199","0.269","0.199","26.89%"
"16/12/2021","0.212","0.110","0.212","0.110","101.90%"
"15/12/2021","0.105","0.061","0.105","0.061","75.00%"
"14/12/2021","0.060","0.058","0.060","0.058","-40.00%"
"13/12/2021","0.100","0.100","0.100","0.100","42.86%"
"10/12/2021","0.070","0.101","0.101","0.070","-31.37%"
"09/12/2021","0.102","0.100","0.102","0.100","466.67%"
"08/12/2021","0.018","0.026","0.026","0.018","-30.77%"
"07/12/2021","0.026","0.046","0.046","0.026","-71.74%"
"06/12/2021","0.092","0.111","0.111","0.092","-14.02%"
"03/12/2021","0.107","0.119","0.119","0.107","-4.46%"
"02/12/2021","0.112","0.112","0.112","0.112","-8.20%"
"01/12/2021","0.122","0.087","0.122","0.087","62.67%"
"30/11/2021","0.075","0.094","0.094","0.075","-25.00%"
"29/11/2021","0.100","0.094","0.100","0.094","28.21%"
"26/11/2021","0.078","0.111","0.111","0.078","-23.53%"
"25/11/2021","0.102","0.102","0.102","0.102","-1.92%"
"24/11/2021","0.104","0.101","0.104","0.101","-0.95%"
"23/11/2021","0.105","0.103","0.105","0.103","0.96%"
"22/11/2021","0.104","0.102","0.104","0.102","0.97%"
"19/11/2021","0.103","0.084","0.103","0.084","19.77%"
"18/11/2021","0.086","0.096","0.096","0.086","-31.75%"
"17/11/2021","0.126","0.126","0.126","0.126","-3.82%"
"16/11/2021","0.131","0.131","0.131","0.131","-0.76%"
"15/11/2021","0.132","0.121","0.132","0.121","0.76%"
"12/11/2021","0.131","0.142","0.142","0.131","-5.76%"
"11/11/2021","0.139","0.139","0.139","0.139","-12.03%"
"10/11/2021","0.158","0.152","0.158","0.152","-9.71%"
"09/11/2021","0.175","0.167","0.175","0.163","4.17%"
"08/11/2021","0.168","0.164","0.168","0.160","28.24%"
"05/11/2021","0.131","0.171","0.171","0.004","-64.21%"
"04/11/2021","0.366","0.366","0.366","0.366","-2.14%"
"03/11/2021","0.374","0.374","0.374","0.374","0.54%"
"02/11/2021","0.372","0.372","0.372","0.372","7.20%"
"01/11/2021","0.347","0.347","0.347","0.347","0.00%"
"29/10/2021","0.347","0.347","0.347","0.347","-9.16%"
"28/10/2021","0.382","0.382","0.382","0.382","26.91%"
"27/10/2021","0.301","0.296","0.301","0.296","0.67%"
"26/10/2021","0.299","0.299","0.299","0.299","31.14%"
"25/10/2021","0.228","0.228","0.228","0.228","-2.15%"
"22/10/2021","0.233","0.233","0.233","0.233","-7.54%"
"21/10/2021","0.252","0.252","0.252","0.252","0.00%"
"20/10/2021","0.252","0.089","0.252","0.089","-0.40%"
"19/10/2021","0.253","0.249","0.253","0.249","23.41%"
"18/10/2021","0.205","0.067","0.205","0.067","286.79%"
"15/10/2021","0.053","0.053","0.053","0.053","70.97%"
"14/10/2021","0.031","0.031","0.031","0.031","-61.73%"
"13/10/2021","0.081","0.207","0.227","0.081","170.00%"
"12/10/2021","0.030","0.079","0.079","0.030","-73.45%"
"11/10/2021","0.113","0.063","0.113","0.063","48.68%"
"08/10/2021","0.076","0.064","0.076","0.064","442.86%"
"07/10/2021","0.014","0.020","0.020","0.014","-84.62%"
"06/10/2021","0.091","0.069","0.091","0.069","405.56%"
"05/10/2021","0.018","0.020","0.020","0.018","-73.91%"
"04/10/2021","0.069","0.067","0.069","0.067","263.16%"
"01/10/2021","0.019","0.029","0.029","0.019","-59.57%"
"30/09/2021","0.047","0.031","0.047","0.031","56.67%"
"29/09/2021","0.030","0.030","0.030","0.030","-16.67%"
"28/09/2021","0.036","0.030","0.036","0.030","0.00%"
"27/09/2021","0.036","0.030","0.036","0.030","63.64%"
"24/09/2021","0.022","0.049","0.098","0.022","-33.33%"
"23/09/2021","0.033","0.031","0.033","0.031","3.12%"
"22/09/2021","0.032","0.030","0.032","0.030","14.29%"
"21/09/2021","0.028","0.032","0.032","0.028","-77.60%"
"20/09/2021","0.125","0.125","0.125","0.125","-9.42%"
"17/09/2021","0.138","0.138","0.138","0.138","206.67%"
"16/09/2021","0.045","0.045","0.045","0.045","-8.16%"
"15/09/2021","0.049","0.049","0.049","0.049","11.36%"
"14/09/2021","0.044","0.044","0.044","0.044","-4.35%"
"13/09/2021","0.046","0.058","0.060","0.058","17.95%"
"10/09/2021","0.039","0.039","0.039","0.039","-29.09%"
"09/09/2021","0.055","0.047","0.055","0.047","17.02%"
"08/09/2021","0.047","0.041","0.047","0.041","17.50%"
"07/09/2021","0.040","0.040","0.040","0.040","-40.30%"
"06/09/2021","0.067","0.067","0.067","0.067","71.79%"
"03/09/2021","0.039","0.039","0.039","0.039","-26.42%"
"02/09/2021","0.053","0.055","0.055","0.053","-7.02%"
"01/09/2021","0.057","0.055","0.057","0.055","58.33%"
"31/08/2021","0.036","0.040","0.040","0.036","1,700.00%"
"30/08/2021","0.002","0.010","0.010","0.002","-96.77%"
"27/08/2021","0.062","0.060","0.062","0.060","51.22%"
"26/08/2021","0.041","0.041","0.041","0.041","57.69%"
"25/08/2021","0.026","0.030","0.030","0.026","-31.58%"
"24/08/2021","0.038","0.030","0.038","0.030","-9.52%"
"23/08/2021","0.042","0.042","0.042","0.042","2.44%"
"20/08/2021","0.041","0.045","0.045","0.041","-25.45%"
"19/08/2021","0.055","0.053","0.055","0.053","22.22%"
"18/08/2021","0.045","0.047","0.047","0.045","-32.84%"
"17/08/2021","0.067","0.067","0.067","0.067","103.03%"
"16/08/2021","0.033","0.033","0.033","0.033","-5.71%"
"13/08/2021","0.035","0.035","0.035","0.035","0.00%"
"12/08/2021","0.035","0.035","0.035","0.035","-2.78%"
"11/08/2021","0.036","0.036","0.036","0.036","0.00%"
"10/08/2021","0.036","0.036","0.036","0.036","9.09%"
"09/08/2021","0.033","0.033","0.033","0.033","6.45%"
"06/08/2021","0.031","0.031","0.031","0.031","6.90%"
"05/08/2021","0.029","0.029","0.029","0.029","-3.33%"
"04/08/2021","0.030","0.030","0.030","0.030","0.00%"
"03/08/2021","0.030","0.030","0.030","0.030","-37.50%"
"02/08/2021","0.048","0.048","0.048","0.048","2.13%"
"30/07/2021","0.047","0.047","0.047","0.047","-17.54%"
"29/07/2021","0.057","0.055","0.057","0.055","119.23%"
"28/07/2021","0.026","0.026","0.026","0.026","0.00%"
"27/07/2021","0.026","0.026","0.026","0.026","-3.70%"
"26/07/2021","0.027","0.027","0.027","0.027","-6.90%"
"23/07/2021","0.029","0.029","0.029","0.029","-6.45%"
"22/07/2021","0.031","0.031","0.031","0.031","-8.82%"
"21/07/2021","0.034","0.034","0.034","0.034","-10.53%"
"20/07/2021","0.038","0.038","0.038","0.038","-43.28%"
"19/07/2021","0.067","0.067","0.067","0.067","-11.84%"
"16/07/2021","0.076","0.070","0.076","0.070","4.11%"
"15/07/2021","0.073","0.073","0.073","0.073","-2.67%"
"14/07/2021","0.075","0.075","0.075","0.075","-9.64%"
"13/07/2021","0.083","0.083","0.083","0.083","59.62%"
"12/07/2021","0.052","0.052","0.052","0.052","1.96%"
"09/07/2021","0.051","0.051","0.051","0.051","4.08%"
"08/07/2021","0.049","0.049","0.049","0.049","2.08%"
"07/07/2021","0.048","0.048","0.048","0.048","9.09%"
"06/07/2021","0.044","0.044","0.044","0.044","-48.24%"
"05/07/2021","0.085","0.085","0.085","0.085","0.00%"
"02/07/2021","0.085","0.083","0.085","0.083","10.39%"
"01/07/2021","0.077","0.077","0.077","0.077","13.24%"
"30/06/2021","0.068","0.072","0.072","0.068","-8.11%"
"29/06/2021","0.074","0.074","0.074","0.074","-26.00%"
"28/06/2021","0.100","0.100","0.100","0.100","38.89%"
"25/06/2021","0.072","0.072","0.072","0.072","1.41%"
"24/06/2021","0.071","0.071","0.071","0.071","-21.98%"
"23/06/2021","0.091","0.091","0.091","0.091","51.67%"
"22/06/2021","0.060","0.060","0.060","0.060","-41.18%"
"21/06/2021","0.102","0.102","0.102","0.102","0.99%"
"18/06/2021","0.101","0.098","0.101","0.098","26.25%"
"17/06/2021","0.080","0.080","0.080","0.080","-19.19%"
"16/06/2021","0.099","0.097","0.099","0.097","52.31%"
"15/06/2021","0.065","0.065","0.065","0.065","-32.29%"
"14/06/2021","0.096","0.096","0.096","0.096","2.13%"
"11/06/2021","0.094","0.080","0.094","0.080","20.51%"
"10/06/2021","0.078","0.088","0.088","0.078","-12.36%"
"09/06/2021","0.089","0.089","0.089","0.089","-2.20%"
"08/06/2021","0.091","0.091","0.091","0.091","3.41%"
"07/06/2021","0.088","0.088","0.088","0.088","8.64%"
"04/06/2021","0.081","0.077","0.081","0.077","2.53%"
"03/06/2021","0.079","0.079","0.079","0.079","-1.25%"
"02/06/2021","0.080","0.080","0.080","0.080","-14.89%"
"01/06/2021","0.094","0.094","0.094","0.094","308.70%"
"31/05/2021","0.023","0.023","0.023","0.023","-68.92%"
"28/05/2021","0.074","0.074","0.074","0.074","-1.33%"
"27/05/2021","0.075","0.075","0.075","0.075","-11.76%"
"26/05/2021","0.085","0.083","0.083","0.083","-10.53%"
"25/05/2021","0.095","0.065","0.095","0.065","17.28%"
"24/05/2021","0.081","0.083","0.083","0.081","-29.57%"
"21/05/2021","0.115","0.113","0.115","0.113","0.88%"
"20/05/2021","0.114","0.114","0.114","0.114","37.35%"
"19/05/2021","0.083","0.083","0.083","0.083","-32.52%"
"18/05/2021","0.123","0.121","0.123","0.121","48.19%"
"17/05/2021","0.083","0.083","0.083","0.083","12.16%"
"14/05/2021","0.074","0.074","0.074","0.074","1.37%"
"13/05/2021","0.073","0.073","0.073","0.073","-2.67%"
"12/05/2021","0.075","0.075","0.075","0.075","-5.06%"
"11/05/2021","0.079","0.079","0.079","0.079","-10.23%"
"10/05/2021","0.088","0.088","0.088","0.088","25.71%"
"07/05/2021","0.070","0.070","0.070","0.070","1.45%"
"06/05/2021","0.069","0.069","0.069","0.069","-2.82%"
"05/05/2021","0.071","0.071","0.071","0.071","5.97%"
"04/05/2021","0.067","0.067","0.067","0.067","219.05%"
"03/05/2021","0.021","0.021","0.021","0.021","-70.83%"
"30/04/2021","0.072","0.072","0.072","0.072","1.41%"
"29/04/2021","0.071","0.071","0.071","0.071","-21.98%"
"28/04/2021","0.091","0.089","0.091","0.089","28.17%"
"27/04/2021","0.071","0.071","0.071","0.071","2.90%"
"26/04/2021","0.069","0.069","0.069","0.069","15.00%"