Date, Open, High, Low, Close
05/24/24, 4.533, 4.564, 4.502, 4.533
05/23/24, 4.476, 4.543, 4.446, 4.533
05/22/24, 4.327, 4.484, 4.327, 4.476
05/21/24, 4.369, 4.369, 4.324, 4.327
05/20/24, 4.337, 4.390, 4.328, 4.369
05/17/24, 4.296, 4.342, 4.296, 4.337
05/16/24, 4.272, 4.300, 4.246, 4.296
05/15/24, 4.366, 4.366, 4.250, 4.272
05/14/24, 4.403, 4.403, 4.320, 4.366
05/13/24, 4.339, 4.403, 4.313, 4.403
05/10/24, 4.308, 4.344, 4.254, 4.339
05/09/24, 4.330, 4.372, 4.298, 4.308
05/08/24, 4.339, 4.365, 4.323, 4.330
05/07/24, 4.397, 4.397, 4.315, 4.339
05/06/24, 4.397, 4.397, 4.397, 4.397
05/03/24, 4.467, 4.484, 4.356, 4.397
05/02/24, 4.566, 4.566, 4.457, 4.467
05/01/24, 4.537, 4.586, 4.523, 4.566
04/30/24, 4.480, 4.556, 4.477, 4.537
04/29/24, 4.519, 4.520, 4.457, 4.480
04/26/24, 4.535, 4.546, 4.480, 4.519
04/25/24, 4.495, 4.581, 4.464, 4.535
04/24/24, 4.404, 4.527, 4.404, 4.495
04/23/24, 4.349, 4.454, 4.349, 4.404
04/22/24, 4.416, 4.436, 4.349, 4.349
04/19/24, 4.500, 4.528, 4.403, 4.416
04/18/24, 4.493, 4.503, 4.433, 4.500
04/17/24, 4.515, 4.557, 4.487, 4.493
04/16/24, 4.436, 4.549, 4.434, 4.515
04/15/24, 4.343, 4.469, 4.343, 4.436
04/12/24, 4.403, 4.403, 4.293, 4.343
04/11/24, 4.342, 4.457, 4.342, 4.403
04/10/24, 4.183, 4.347, 4.170, 4.342
04/09/24, 4.224, 4.224, 4.169, 4.183
04/08/24, 4.209, 4.265, 4.201, 4.224
04/05/24, 4.154, 4.233, 4.140, 4.209
04/04/24, 4.173, 4.183, 4.095, 4.154
04/03/24, 4.216, 4.226, 4.146, 4.173
04/02/24, 4.120, 4.243, 4.120, 4.216
04/01/24, 4.120, 4.120, 4.120, 4.120
03/29/24, 4.120, 4.120, 4.120, 4.120
03/28/24, 4.103, 4.153, 4.091, 4.120
03/27/24, 4.133, 4.155, 4.096, 4.103
03/26/24, 4.143, 4.148, 4.085, 4.133
03/25/24, 4.085, 4.164, 4.056, 4.143
03/22/24, 4.148, 4.148, 4.045, 4.085
03/21/24, 4.198, 4.198, 4.063, 4.148
03/20/24, 4.235, 4.235, 4.160, 4.198
03/19/24, 4.275, 4.275, 4.216, 4.235
03/18/24, 4.297, 4.302, 4.247, 4.275
03/15/24, 4.268, 4.332, 4.268, 4.297
03/14/24, 4.220, 4.284, 4.181, 4.268
03/13/24, 4.161, 4.231, 4.138, 4.220
03/12/24, 4.191, 4.191, 4.097, 4.161
03/11/24, 4.201, 4.233, 4.168, 4.191
03/08/24, 4.251, 4.258, 4.172, 4.201
03/07/24, 4.199, 4.276, 4.178, 4.251
03/06/24, 4.237, 4.290, 4.191, 4.199
03/05/24, 4.296, 4.305, 4.202, 4.237
03/04/24, 4.268, 4.320, 4.244, 4.296
03/01/24, 4.279, 4.364, 4.233, 4.268
02/29/24, 4.320, 4.427, 4.260, 4.279
02/28/24, 4.337, 4.346, 4.301, 4.320
02/27/24, 4.305, 4.340, 4.225, 4.337
02/26/24, 4.224, 4.305, 4.182, 4.305
02/23/24, 4.301, 4.337, 4.194, 4.224
02/22/24, 4.289, 4.344, 4.232, 4.301
02/21/24, 4.210, 4.293, 4.203, 4.289
02/20/24, 4.276, 4.276, 4.185, 4.210
02/19/24, 4.281, 4.291, 4.256, 4.276
02/16/24, 4.200, 4.301, 4.200, 4.281
02/15/24, 4.193, 4.221, 4.123, 4.200
02/14/24, 4.337, 4.337, 4.190, 4.193
02/13/24, 4.202, 4.348, 4.188, 4.337
02/12/24, 4.237, 4.243, 4.178, 4.202
02/09/24, 4.178, 4.239, 4.136, 4.237
02/08/24, 4.117, 4.195, 4.090, 4.178
02/07/24, 4.079, 4.155, 4.079, 4.117
02/06/24, 4.141, 4.160, 4.069, 4.079
02/05/24, 4.056, 4.183, 4.056, 4.141
02/02/24, 3.831, 4.073, 3.831, 4.056
02/01/24, 3.885, 3.925, 3.803, 3.831
01/31/24, 3.998, 4.003, 3.868, 3.885
01/30/24, 3.931, 4.010, 3.913, 3.998
01/29/24, 4.029, 4.029, 3.929, 3.931
01/26/24, 4.048, 4.071, 4.007, 4.029
01/25/24, 4.081, 4.155, 4.025, 4.048
01/24/24, 4.051, 4.137, 3.990, 4.081
01/23/24, 3.977, 4.064, 3.961, 4.051
01/22/24, 3.968, 3.980, 3.918, 3.977
01/19/24, 3.952, 3.994, 3.865, 3.968
01/18/24, 4.007, 4.020, 3.931, 3.952
01/17/24, 3.778, 4.021, 3.778, 4.007
01/16/24, 3.788, 3.796, 3.729, 3.778
01/15/24, 3.785, 3.819, 3.756, 3.788
01/12/24, 3.885, 3.885, 3.756, 3.785
01/11/24, 3.889, 3.909, 3.810, 3.885
01/10/24, 3.869, 3.901, 3.842, 3.889
01/09/24, 3.864, 3.942, 3.825, 3.869
01/08/24, 3.880, 3.957, 3.854, 3.864
01/05/24, 3.812, 3.958, 3.807, 3.880
01/04/24, 3.704, 3.816, 3.683, 3.812
01/03/24, 3.691, 3.758, 3.677, 3.704
01/02/24, 3.595, 3.736, 3.595, 3.691
01/01/24, 3.595, 3.595, 3.595, 3.595
12/29/23, 3.604, 3.719, 3.579, 3.595
12/28/23, 3.556, 3.651, 3.556, 3.604
12/27/23, 3.608, 3.608, 3.543, 3.556
12/26/23, 3.608, 3.608, 3.608, 3.608
12/25/23, 3.608, 3.608, 3.608, 3.608
12/22/23, 3.670, 3.677, 3.603, 3.608
12/21/23, 3.684, 3.726, 3.618, 3.670
12/20/23, 3.853, 3.853, 3.672, 3.684
12/19/23, 3.911, 3.916, 3.807, 3.853
12/18/23, 3.900, 3.959, 3.855, 3.911
12/15/23, 3.969, 4.030, 3.869, 3.900
12/14/23, 4.052, 4.052, 3.846, 3.969
12/13/23, 4.187, 4.202, 4.029, 4.052
12/12/23, 4.302, 4.302, 4.148, 4.187
12/11/23, 4.273, 4.324, 4.240, 4.302
12/08/23, 4.187, 4.312, 4.170, 4.273
12/07/23, 4.142, 4.229, 4.142, 4.187
12/06/23, 4.198, 4.240, 4.125, 4.142
12/05/23, 4.317, 4.317, 4.140, 4.198
12/04/23, 4.221, 4.324, 4.221, 4.317
12/01/23, 4.289, 4.338, 4.210, 4.221
11/30/23, 4.210, 4.339, 4.210, 4.289
11/29/23, 4.300, 4.300, 4.178, 4.210
11/28/23, 4.329, 4.366, 4.275, 4.300
11/27/23, 4.412, 4.428, 4.325, 4.329
11/24/23, 4.408, 4.502, 4.408, 4.412
11/23/23, 4.303, 4.441, 4.273, 4.408
11/22/23, 4.258, 4.343, 4.231, 4.303
11/21/23, 4.232, 4.270, 4.201, 4.258
11/20/23, 4.236, 4.302, 4.215, 4.232
11/17/23, 4.255, 4.265, 4.105, 4.236
11/16/23, 4.336, 4.336, 4.212, 4.255
11/15/23, 4.300, 4.358, 4.248, 4.336
11/14/23, 4.436, 4.462, 4.267, 4.300
11/13/23, 4.438, 4.493, 4.387, 4.436
11/10/23, 4.361, 4.454, 4.361, 4.438
11/09/23, 4.349, 4.422, 4.304, 4.361
11/08/23, 4.345, 4.389, 4.289, 4.349
11/07/23, 4.443, 4.443, 4.307, 4.345
11/06/23, 4.371, 4.448, 4.371, 4.443
11/03/23, 4.468, 4.494, 4.335, 4.371
11/02/23, 4.574, 4.574, 4.391, 4.468
11/01/23, 4.574, 4.615, 4.492, 4.574
10/31/23, 4.581, 4.594, 4.492, 4.574
10/30/23, 4.555, 4.622, 4.507, 4.581
10/27/23, 4.619, 4.624, 4.535, 4.555
10/26/23, 4.665, 4.691, 4.588, 4.619
10/25/23, 4.591, 4.693, 4.579, 4.665
10/24/23, 4.651, 4.682, 4.542, 4.591
10/23/23, 4.717, 4.804, 4.646, 4.651
10/20/23, 4.781, 4.806, 4.681, 4.717
10/19/23, 4.792, 4.845, 4.768, 4.781
10/18/23, 4.463, 4.820, 4.463, 4.792
10/17/23, 4.488, 4.540, 4.424, 4.463
10/16/23, 4.405, 4.501, 4.405, 4.488
10/13/23, 4.430, 4.435, 4.332, 4.405
10/12/23, 4.354, 4.470, 4.317, 4.430
10/11/23, 4.344, 4.378, 4.261, 4.354
10/10/23, 4.366, 4.468, 4.314, 4.344
10/09/23, 4.441, 4.453, 4.358, 4.366
10/06/23, 4.434, 4.554, 4.425, 4.441
10/05/23, 4.473, 4.548, 4.419, 4.434
10/04/23, 4.543, 4.585, 4.467, 4.473
10/03/23, 4.529, 4.552, 4.425, 4.543
10/02/23, 4.445, 4.548, 4.421, 4.529
09/29/23, 4.475, 4.484, 4.383, 4.445
09/28/23, 4.393, 4.588, 4.393, 4.475
09/27/23, 4.310, 4.408, 4.261, 4.393
09/26/23, 4.316, 4.348, 4.254, 4.310
09/25/23, 4.289, 4.364, 4.261, 4.316
09/22/23, 4.345, 4.345, 4.265, 4.289
09/21/23, 4.311, 4.431, 4.311, 4.345
09/20/23, 4.464, 4.464, 4.299, 4.311
09/19/23, 4.507, 4.540, 4.446, 4.464
09/18/23, 4.485, 4.563, 4.461, 4.507
09/15/23, 4.410, 4.509, 4.410, 4.485
09/14/23, 4.470, 4.482, 4.355, 4.410
09/13/23, 4.546, 4.577, 4.439, 4.470
09/12/23, 4.592, 4.594, 4.497, 4.546
09/11/23, 4.569, 4.648, 4.569, 4.592
09/08/23, 4.612, 4.629, 4.546, 4.569
09/07/23, 4.723, 4.723, 4.611, 4.612
09/06/23, 4.739, 4.767, 4.694, 4.723
09/05/23, 4.675, 4.750, 4.631, 4.739
09/04/23, 4.633, 4.681, 4.623, 4.675
09/01/23, 4.613, 4.645, 4.556, 4.633
08/31/23, 4.687, 4.704, 4.573, 4.613
08/30/23, 4.709, 4.790, 4.619, 4.687
08/29/23, 4.739, 4.782, 4.701, 4.709
08/28/23, 4.739, 4.739, 4.739, 4.739
08/25/23, 4.694, 4.818, 4.694, 4.739
08/24/23, 4.689, 4.746, 4.619, 4.694
08/23/23, 4.885, 4.922, 4.657, 4.689
08/22/23, 4.979, 4.979, 4.875, 4.885
08/21/23, 4.928, 5.002, 4.886, 4.979
08/18/23, 5.006, 5.006, 4.893, 4.928
08/17/23, 4.916, 5.017, 4.910, 5.006
08/16/23, 4.840, 4.921, 4.837, 4.916
08/15/23, 4.818, 4.965, 4.818, 4.840
08/14/23, 4.781, 4.864, 4.749, 4.818
08/11/23, 4.634, 4.794, 4.634, 4.781
08/10/23, 4.671, 4.732, 4.591, 4.634
08/09/23, 4.670, 4.719, 4.653, 4.671
08/08/23, 4.693, 4.693, 4.592, 4.670
08/07/23, 4.614, 4.763, 4.614, 4.693
08/04/23, 4.727, 4.775, 4.607, 4.614
08/03/23, 4.737, 4.775, 4.633, 4.727
08/02/23, 4.779, 4.810, 4.703, 4.737
08/01/23, 4.698, 4.805, 4.697, 4.779
07/31/23, 4.718, 4.761, 4.671, 4.698
07/28/23, 4.764, 4.780, 4.652, 4.718
07/27/23, 4.765, 4.825, 4.660, 4.764
07/26/23, 4.688, 4.784, 4.667, 4.765
07/25/23, 4.630, 4.713, 4.620, 4.688
07/24/23, 4.648, 4.663, 4.491, 4.630
07/21/23, 4.664, 4.724, 4.618, 4.648
07/20/23, 4.561, 4.673, 4.541, 4.664
07/19/23, 4.763, 4.763, 4.490, 4.561
07/18/23, 4.862, 4.862, 4.742, 4.763
07/17/23, 4.922, 4.941, 4.821, 4.862
07/14/23, 4.891, 4.948, 4.817, 4.922
07/13/23, 5.015, 5.015, 4.857, 4.891
07/12/23, 5.231, 5.231, 5.010, 5.015
07/11/23, 5.185, 5.236, 5.134, 5.231
07/10/23, 5.185, 5.259, 5.131, 5.185
07/07/23, 5.275, 5.299, 5.148, 5.185
07/06/23, 5.180, 5.370, 5.180, 5.275
07/05/23, 5.108, 5.223, 5.070, 5.180
07/04/23, 5.116, 5.158, 5.050, 5.108
07/03/23, 5.047, 5.178, 5.038, 5.116
06/30/23, 5.009, 5.099, 5.005, 5.047
06/29/23, 4.924, 5.070, 4.923, 5.009
06/28/23, 5.053, 5.101, 4.907, 4.924
06/27/23, 4.940, 5.083, 4.912, 5.053
06/26/23, 4.956, 4.967, 4.885, 4.940
06/23/23, 4.879, 4.985, 4.725, 4.956
06/22/23, 4.900, 4.956, 4.762, 4.879
06/21/23, 4.818, 5.011, 4.818, 4.900
06/20/23, 4.952, 4.953, 4.775, 4.818
06/19/23, 4.800, 4.956, 4.794, 4.952
06/16/23, 4.768, 4.837, 4.721, 4.800
06/15/23, 4.721, 4.822, 4.690, 4.768
06/14/23, 4.795, 4.817, 4.693, 4.721
06/13/23, 4.559, 4.808, 4.559, 4.795
06/12/23, 4.461, 4.584, 4.454, 4.559
06/09/23, 4.424, 4.495, 4.382, 4.461
06/08/23, 4.481, 4.517, 4.403, 4.424
06/07/23, 4.389, 4.494, 4.363, 4.481
06/06/23, 4.349, 4.428, 4.297, 4.389
06/05/23, 4.281, 4.384, 4.281, 4.349
06/02/23, 4.222, 4.323, 4.222, 4.281
06/01/23, 4.279, 4.330, 4.188, 4.222
05/31/23, 4.341, 4.356, 4.254, 4.279
05/30/23, 4.444, 4.524, 4.341, 4.341
05/28/23, 4.444, 4.444, 4.444, 4.444
05/26/23, 4.513, 4.565, 4.407, 4.444
05/25/23, 4.316, 4.528, 4.316, 4.513
05/24/23, 4.121, 4.373, 4.121, 4.316
05/23/23, 4.036, 4.181, 4.035, 4.121
05/22/23, 3.922, 4.048, 3.894, 4.036
05/19/23, 3.918, 4.049, 3.872, 3.922
05/18/23, 3.806, 3.931, 3.806, 3.918
05/17/23, 3.752, 3.809, 3.711, 3.806
05/16/23, 3.764, 3.765, 3.661, 3.752
05/15/23, 3.734, 3.780, 3.711, 3.764
05/12/23, 3.671, 3.750, 3.637, 3.734
05/11/23, 3.761, 3.765, 3.627, 3.671
05/10/23, 3.802, 3.842, 3.749, 3.761
05/09/23, 3.720, 3.818, 3.719, 3.802
05/08/23, 3.720, 3.720, 3.720, 3.720
05/05/23, 3.613, 3.765, 3.613, 3.720
05/04/23, 3.706, 3.771, 3.597, 3.613
05/03/23, 3.682, 3.748, 3.635, 3.706
05/02/23, 3.813, 3.816, 3.654, 3.682
04/30/23, 3.719, 3.719, 3.719, 3.719
04/28/23, 3.769, 3.769, 3.672, 3.719
04/27/23, 3.681, 3.772, 3.663, 3.769
04/26/23, 3.677, 3.717, 3.606, 3.681
04/25/23, 3.762, 3.762, 3.609, 3.677
04/24/23, 3.741, 3.783, 3.704, 3.762
04/21/23, 3.731, 3.767, 3.686, 3.741
04/20/23, 3.819, 3.840, 3.716, 3.731
04/19/23, 3.673, 3.843, 3.673, 3.819
04/18/23, 3.590, 3.692, 3.590, 3.673
04/17/23, 3.585, 3.611, 3.535, 3.590
04/14/23, 3.487, 3.600, 3.460, 3.585
04/13/23, 3.482, 3.539, 3.428, 3.487
04/12/23, 3.472, 3.546, 3.332, 3.482
04/11/23, 3.357, 3.487, 3.357, 3.472
04/10/23, 3.357, 3.357, 3.357, 3.357
04/07/23, 3.357, 3.357, 3.357, 3.357
04/06/23, 3.340, 3.375, 3.276, 3.357
04/05/23, 3.367, 3.493, 3.326, 3.340
04/04/23, 3.414, 3.482, 3.349, 3.367
04/03/23, 3.451, 3.563, 3.371, 3.414
03/31/23, 3.471, 3.553, 3.425, 3.451
03/30/23, 3.409, 3.492, 3.351, 3.471
03/29/23, 3.386, 3.494, 3.323, 3.409
03/28/23, 3.311, 3.446, 3.311, 3.386
03/27/23, 3.215, 3.419, 3.215, 3.311
03/24/23, 3.289, 3.289, 3.003, 3.215
03/23/23, 3.492, 3.492, 3.268, 3.289
03/22/23, 3.285, 3.584, 3.285, 3.492
03/21/23, 3.248, 3.334, 3.248, 3.285
03/20/23, 3.252, 3.262, 3.093, 3.248
03/17/23, 3.434, 3.434, 3.147, 3.252
03/16/23, 3.310, 3.441, 3.207, 3.434
03/15/23, 3.486, 3.560, 3.228, 3.310
03/14/23, 3.388, 3.610, 3.374, 3.486
03/13/23, 3.648, 3.648, 3.175, 3.388
03/10/23, 3.826, 3.826, 3.550, 3.648
03/09/23, 3.797, 3.865, 3.771, 3.826
03/08/23, 3.816, 3.894, 3.746, 3.797
03/07/23, 3.794, 3.884, 3.745, 3.816
03/06/23, 3.723, 3.805, 3.686, 3.794
03/03/23, 3.692, 3.764, 3.671, 3.723
03/02/23, 3.662, 3.711, 3.617, 3.692
03/01/23, 3.682, 3.785, 3.583, 3.662
02/28/23, 3.675, 3.775, 3.641, 3.682
02/27/23, 3.626, 3.705, 3.572, 3.675
02/24/23, 3.513, 3.649, 3.505, 3.626
02/23/23, 3.509, 3.611, 3.497, 3.513
02/22/23, 3.519, 3.617, 3.493, 3.509
02/21/23, 3.362, 3.571, 3.352, 3.519
02/20/23, 3.409, 3.417, 3.344, 3.362
02/17/23, 3.382, 3.476, 3.362, 3.409
02/16/23, 3.412, 3.450, 3.364, 3.382
02/15/23, 3.486, 3.486, 3.340, 3.412
02/14/23, 3.328, 3.502, 3.308, 3.486
02/13/23, 3.306, 3.365, 3.299, 3.328
02/10/23, 3.181, 3.318, 3.181, 3.306
02/09/23, 3.141, 3.210, 3.076, 3.181
02/08/23, 3.194, 3.213, 3.139, 3.141
02/07/23, 3.113, 3.219, 3.108, 3.194
02/06/23, 2.910, 3.153, 2.910, 3.113
02/03/23, 2.869, 2.972, 2.835, 2.910
02/02/23, 3.156, 3.156, 2.846, 2.869
02/01/23, 3.188, 3.188, 3.105, 3.156
01/31/23, 3.205, 3.240, 3.150, 3.188
01/30/23, 3.236, 3.280, 3.173, 3.205
01/27/23, 3.198, 3.251, 3.187, 3.236
01/26/23, 3.143, 3.224, 3.126, 3.198
01/25/23, 3.156, 3.178, 3.069, 3.143
01/24/23, 3.264, 3.264, 3.156, 3.156
01/23/23, 3.309, 3.319, 3.243, 3.264
01/20/23, 3.260, 3.320, 3.253, 3.309
01/19/23, 3.252, 3.352, 3.193, 3.260
01/18/23, 3.267, 3.341, 3.194, 3.252
01/17/23, 3.314, 3.404, 3.252, 3.267
01/16/23, 3.295, 3.372, 3.279, 3.314
01/13/23, 3.221, 3.299, 3.154, 3.295
01/12/23, 3.314, 3.314, 3.184, 3.221
01/11/23, 3.373, 3.373, 3.239, 3.314
01/10/23, 3.353, 3.417, 3.353, 3.373
01/09/23, 3.349, 3.434, 3.346, 3.353
01/06/23, 3.439, 3.501, 3.333, 3.349
01/05/23, 3.386, 3.490, 3.346, 3.439
01/04/23, 3.519, 3.519, 3.341, 3.386
01/03/23, 3.482, 3.548, 3.385, 3.519
01/02/23, 3.482, 3.482, 3.482, 3.482
12/30/22, 3.511, 3.603, 3.482, 3.482
12/29/22, 3.537, 3.592, 3.510, 3.511
12/28/22, 3.539, 3.673, 3.535, 3.537
12/27/22, 3.539, 3.539, 3.539, 3.539
12/26/22, 3.539, 3.539, 3.539, 3.539
12/23/22, 3.534, 3.608, 3.533, 3.539
12/22/22, 3.499, 3.607, 3.466, 3.534
12/21/22, 3.509, 3.545, 3.470, 3.499
12/20/22, 3.453, 3.606, 3.453, 3.509
12/19/22, 3.305, 3.458, 3.305, 3.453
12/16/22, 3.217, 3.405, 3.145, 3.305
12/15/22, 3.290, 3.290, 3.155, 3.217
12/14/22, 3.342, 3.342, 3.260, 3.290
12/13/22, 3.286, 3.370, 3.236, 3.342
12/12/22, 3.248, 3.332, 3.157, 3.286
12/09/22, 3.175, 3.268, 3.164, 3.248
12/08/22, 3.117, 3.201, 3.091, 3.175
12/07/22, 3.162, 3.201, 3.110, 3.117
12/06/22, 3.208, 3.227, 3.097, 3.162
12/05/22, 3.228, 3.250, 3.141, 3.208
12/02/22, 3.168, 3.267, 3.057, 3.228
12/01/22, 3.190, 3.206, 3.083, 3.168
11/30/22, 3.145, 3.240, 3.140, 3.190
11/29/22, 3.208, 3.260, 3.120, 3.145
11/28/22, 3.196, 3.280, 3.132, 3.208
11/25/22, 3.116, 3.213, 3.116, 3.196
11/24/22, 3.075, 3.119, 2.966, 3.116
11/23/22, 3.089, 3.142, 3.036, 3.075
11/22/22, 3.150, 3.191, 3.084, 3.089
11/21/22, 3.146, 3.208, 3.106, 3.150
11/18/22, 3.083, 3.207, 3.083, 3.146
11/17/22, 3.000, 3.152, 2.946, 3.083
11/16/22, 3.107, 3.169, 2.969, 3.000
11/15/22, 3.155, 3.227, 3.093, 3.107
11/14/22, 3.153, 3.199, 3.065, 3.155
11/11/22, 3.101, 3.182, 3.086, 3.153
11/10/22, 3.240, 3.347, 3.044, 3.101
11/09/22, 3.283, 3.345, 3.177, 3.240
11/08/22, 3.271, 3.357, 3.220, 3.283
11/07/22, 3.107, 3.298, 3.061, 3.271
11/04/22, 3.140, 3.198, 3.067, 3.107
11/03/22, 3.080, 3.223, 3.027, 3.140
11/02/22, 3.213, 3.239, 3.070, 3.080
11/01/22, 3.348, 3.380, 3.211, 3.213
10/31/22, 3.281, 3.409, 3.281, 3.348
10/28/22, 3.153, 3.333, 3.153, 3.281
10/27/22, 3.358, 3.414, 3.063, 3.153
10/26/22, 3.422, 3.500, 3.314, 3.358
10/25/22, 3.490, 3.539, 3.334, 3.422
10/24/22, 3.766, 3.766, 3.410, 3.490
10/21/22, 3.630, 3.925, 3.630, 3.766
10/20/22, 3.542, 3.724, 3.373, 3.630
10/19/22, 3.599, 3.732, 3.499, 3.542
10/18/22, 3.647, 3.766, 3.513, 3.599
10/17/22, 4.088, 4.088, 3.546, 3.647
10/14/22, 3.969, 4.114, 3.582, 4.088
10/13/22, 4.153, 4.192, 3.791, 3.969
10/12/22, 4.383, 4.516, 4.130, 4.153
10/11/22, 4.489, 4.554, 4.344, 4.383
10/10/22, 4.301, 4.653, 4.286, 4.489
10/07/22, 4.255, 4.332, 4.238, 4.301
10/06/22, 4.160, 4.348, 4.148, 4.255
10/05/22, 4.053, 4.256, 4.053, 4.160
10/04/22, 4.180, 4.180, 3.862, 4.053
10/03/22, 4.367, 4.371, 4.052, 4.180
09/30/22, 4.429, 4.510, 4.198, 4.367
09/29/22, 4.315, 4.579, 4.315, 4.429
09/28/22, 4.694, 4.778, 4.080, 4.315
09/27/22, 4.581, 4.727, 4.248, 4.694
09/26/22, 3.991, 4.627, 3.991, 4.581
09/23/22, 3.484, 4.075, 3.426, 3.991
09/22/22, 3.309, 3.527, 3.276, 3.484
09/21/22, 3.230, 3.322, 3.166, 3.309
09/20/22, 3.041, 3.252, 3.041, 3.230
09/18/22, 3.041, 3.041, 3.041, 3.041
09/16/22, 3.030, 3.067, 2.996, 3.041
09/15/22, 2.998, 3.051, 2.940, 3.030
09/14/22, 3.044, 3.086, 2.967, 2.998
09/13/22, 2.931, 3.044, 2.879, 3.044
09/12/22, 2.940, 2.966, 2.887, 2.931
09/09/22, 2.965, 2.974, 2.836, 2.940
09/08/22, 2.876, 2.965, 2.803, 2.965
09/07/22, 3.024, 3.041, 2.812, 2.876
09/06/22, 2.977, 3.120, 2.913, 3.024
09/05/22, 2.885, 3.020, 2.885, 2.977
09/02/22, 2.858, 2.937, 2.830, 2.885
09/01/22, 2.815, 2.927, 2.815, 2.858
08/31/22, 2.719, 2.897, 2.713, 2.815
08/30/22, 2.622, 2.801, 2.622, 2.719
08/29/22, 2.622, 2.622, 2.622, 2.622
08/26/22, 2.599, 2.644, 2.529, 2.622
08/25/22, 2.744, 2.744, 2.589, 2.599
08/24/22, 2.520, 2.764, 2.520, 2.744
08/23/22, 2.379, 2.573, 2.323, 2.520
08/22/22, 2.262, 2.393, 2.228, 2.379
08/19/22, 2.200, 2.327, 2.200, 2.262
08/18/22, 2.145, 2.202, 2.123, 2.200
08/17/22, 1.928, 2.178, 1.928, 2.145
08/16/22, 1.816, 1.940, 1.816, 1.928
08/15/22, 1.885, 1.890, 1.800, 1.816
08/12/22, 1.843, 1.923, 1.843, 1.885
08/11/22, 1.779, 1.893, 1.762, 1.843
08/10/22, 1.770, 1.853, 1.727, 1.779
08/09/22, 1.738, 1.780, 1.709, 1.770
08/08/22, 1.845, 1.845, 1.703, 1.738
08/05/22, 1.728, 1.872, 1.716, 1.845
08/04/22, 1.742, 1.791, 1.667, 1.728
08/03/22, 1.633, 1.792, 1.633, 1.742
08/02/22, 1.560, 1.640, 1.453, 1.633
08/01/22, 1.598, 1.652, 1.524, 1.560
07/29/22, 1.610, 1.673, 1.587, 1.598
07/28/22, 1.757, 1.797, 1.577, 1.610
07/27/22, 1.708, 1.769, 1.705, 1.757
07/26/22, 1.706, 1.713, 1.653, 1.708
07/25/22, 1.724, 1.771, 1.692, 1.706
07/22/22, 1.881, 1.881, 1.699, 1.724
07/21/22, 1.948, 2.046, 1.851, 1.881
07/20/22, 1.923, 1.948, 1.807, 1.948
07/19/22, 1.870, 1.963, 1.802, 1.923
07/18/22, 1.799, 1.874, 1.796, 1.870
07/15/22, 1.841, 1.841, 1.748, 1.799
07/14/22, 1.708, 1.868, 1.708, 1.841
07/13/22, 1.702, 1.802, 1.666, 1.708
07/12/22, 1.806, 1.806, 1.627, 1.702
07/11/22, 1.856, 1.856, 1.752, 1.806
07/08/22, 1.754, 1.871, 1.716, 1.856
07/07/22, 1.685, 1.799, 1.685, 1.754
07/06/22, 1.646, 1.735, 1.569, 1.685
07/05/22, 1.789, 1.810, 1.636, 1.646
07/04/22, 1.659, 1.801, 1.659, 1.789
07/01/22, 1.842, 1.857, 1.561, 1.659
06/30/22, 2.033, 2.033, 1.824, 1.842
06/29/22, 2.112, 2.124, 2.009, 2.033
06/28/22, 1.997, 2.148, 1.997, 2.112
06/27/22, 1.922, 2.039, 1.922, 1.997
06/24/22, 1.928, 2.002, 1.850, 1.922
06/23/22, 2.137, 2.137, 1.887, 1.928
06/22/22, 2.316, 2.316, 2.073, 2.137
06/21/22, 2.298, 2.352, 2.243, 2.316
06/20/22, 2.194, 2.311, 2.177, 2.298
06/17/22, 2.101, 2.231, 2.016, 2.194
06/16/22, 1.972, 2.300, 1.903, 2.101
06/15/22, 2.137, 2.137, 1.920, 1.972
06/14/22, 2.161, 2.192, 2.052, 2.137
06/13/22, 2.087, 2.205, 2.070, 2.161
06/10/22, 1.888, 2.089, 1.867, 2.087
06/09/22, 1.810, 1.925, 1.800, 1.888
06/08/22, 1.775, 1.838, 1.775, 1.810
06/07/22, 1.795, 1.851, 1.756, 1.775
06/06/22, 1.693, 1.812, 1.693, 1.795
06/03/22, 1.693, 1.693, 1.693, 1.693
06/02/22, 1.693, 1.693, 1.693, 1.693
06/01/22, 1.601, 1.693, 1.595, 1.693
05/31/22, 1.493, 1.634, 1.472, 1.601
05/30/22, 1.453, 1.525, 1.453, 1.493
05/27/22, 1.472, 1.474, 1.385, 1.453
05/26/22, 1.456, 1.500, 1.383, 1.472
05/25/22, 1.461, 1.505, 1.421, 1.456
05/24/22, 1.585, 1.585, 1.415, 1.461
05/23/22, 1.510, 1.659, 1.502, 1.585
05/20/22, 1.508, 1.569, 1.488, 1.510
05/19/22, 1.474, 1.520, 1.403, 1.508
05/18/22, 1.466, 1.529, 1.391, 1.474
05/17/22, 1.249, 1.475, 1.249, 1.466
05/16/22, 1.268, 1.321, 1.244, 1.249
05/13/22, 1.195, 1.296, 1.195, 1.268
05/12/22, 1.328, 1.328, 1.190, 1.195
05/11/22, 1.357, 1.455, 1.318, 1.328
05/10/22, 1.443, 1.443, 1.312, 1.357
05/09/22, 1.531, 1.591, 1.438, 1.443
05/06/22, 1.575, 1.575, 1.496, 1.531
05/05/22, 1.673, 1.684, 1.436, 1.575
05/04/22, 1.678, 1.729, 1.671, 1.673
05/03/22, 1.619, 1.720, 1.619, 1.678
05/01/22, 1.619, 1.619, 1.619, 1.619
04/29/22, 1.574, 1.635, 1.521, 1.619
04/28/22, 1.528, 1.616, 1.514, 1.574
04/27/22, 1.532, 1.571, 1.521, 1.528
04/26/22, 1.599, 1.613, 1.516, 1.599
04/25/22, 1.750, 1.750, 1.588, 1.599
04/22/22, 1.784, 1.800, 1.716, 1.750
04/21/22, 1.621, 1.789, 1.621, 1.784
04/20/22, 1.630, 1.641, 1.556, 1.621
04/19/22, 1.590, 1.685, 1.590, 1.630
04/18/22, 1.590, 1.590, 1.590, 1.590
04/15/22, 1.590, 1.590, 1.590, 1.590
04/14/22, 1.517, 1.599, 1.487, 1.590
04/13/22, 1.533, 1.631, 1.516, 1.533
04/12/22, 1.591, 1.637, 1.514, 1.533
04/11/22, 1.498, 1.599, 1.498, 1.591
04/08/22, 1.485, 1.555, 1.468, 1.498
04/07/22, 1.481, 1.519, 1.434, 1.485
04/06/22, 1.457, 1.553, 1.457, 1.481
04/05/22, 1.364, 1.493, 1.364, 1.457
04/04/22, 1.380, 1.426, 1.343, 1.364
04/01/22, 1.351, 1.433, 1.351, 1.380
03/31/22, 1.380, 1.387, 1.323, 1.351
03/30/22, 1.364, 1.402, 1.320, 1.380
03/29/22, 1.361, 1.447, 1.338, 1.364
03/28/22, 1.416, 1.500, 1.331, 1.361
03/25/22, 1.464, 1.464, 1.299, 1.416
03/24/22, 1.456, 1.537, 1.444, 1.464
03/23/22, 1.512, 1.512, 1.400, 1.456
03/22/22, 1.414, 1.512, 1.414, 1.512
03/21/22, 1.304, 1.423, 1.304, 1.414
03/18/22, 1.392, 1.399, 1.276, 1.304
03/17/22, 1.509, 1.538, 1.335, 1.392
03/16/22, 1.453, 1.516, 1.453, 1.509
03/15/22, 1.470, 1.478, 1.419, 1.453
03/14/22, 1.370, 1.482, 1.370, 1.470
03/11/22, 1.399, 1.435, 1.367, 1.370
03/10/22, 1.463, 1.463, 1.375, 1.399
03/09/22, 1.365, 1.474, 1.321, 1.463
03/08/22, 1.197, 1.370, 1.197, 1.365
03/07/22, 1.088, 1.212, 1.077, 1.197
03/04/22, 1.157, 1.173, 1.066, 1.088
03/03/22, 1.107, 1.212, 1.107, 1.157
03/02/22, 0.864, 1.111, 0.864, 1.107
03/01/22, 1.101, 1.104, 0.807, 0.864
02/28/22, 1.269, 1.269, 1.101, 1.101
02/25/22, 1.283, 1.296, 1.224, 1.269
02/24/22, 1.328, 1.328, 1.213, 1.283
02/23/22, 1.361, 1.376, 1.298, 1.328
02/22/22, 1.300, 1.396, 1.283, 1.361
02/21/22, 1.292, 1.334, 1.254, 1.300
02/18/22, 1.348, 1.375, 1.274, 1.292
02/17/22, 1.423, 1.423, 1.302, 1.348
02/16/22, 1.552, 1.565, 1.410, 1.423
02/15/22, 1.512, 1.556, 1.507, 1.552
02/14/22, 1.447, 1.514, 1.377, 1.512
02/11/22, 1.409, 1.466, 1.389, 1.447
02/10/22, 1.309, 1.425, 1.302, 1.409
02/09/22, 1.369, 1.369, 1.303, 1.309
02/08/22, 1.296, 1.403, 1.296, 1.369
02/07/22, 1.298, 1.332, 1.275, 1.296
02/04/22, 1.178, 1.320, 1.178, 1.298
02/03/22, 1.058, 1.208, 1.049, 1.178
02/02/22, 1.085, 1.109, 1.044, 1.058
02/01/22, 1.078, 1.120, 1.037, 1.085
01/31/22, 0.996, 1.093, 0.992, 1.078
01/28/22, 1.000, 1.054, 0.988, 0.996
01/27/22, 0.956, 1.038, 0.956, 1.000
01/26/22, 0.934, 0.971, 0.934, 0.956
01/25/22, 0.910, 0.953, 0.910, 0.934
01/24/22, 0.923, 0.931, 0.873, 0.910
01/21/22, 0.960, 0.960, 0.893, 0.923
01/20/22, 0.982, 0.984, 0.956, 0.960
01/19/22, 0.946, 1.020, 0.946, 0.982
01/18/22, 0.916, 0.954, 0.907, 0.946
01/17/22, 0.882, 0.920, 0.882, 0.916
01/14/22, 0.857, 0.893, 0.840, 0.882
01/13/22, 0.896, 0.925, 0.849, 0.857
01/12/22, 0.915, 0.939, 0.870, 0.896
01/11/22, 0.924, 0.950, 0.905, 0.915
01/10/22, 0.920, 0.944, 0.900, 0.924
01/07/22, 0.899, 0.922, 0.874, 0.920
01/06/22, 0.852, 0.907, 0.852, 0.899
01/05/22, 0.842, 0.858, 0.819, 0.852
01/04/22, 0.755, 0.852, 0.755, 0.842
01/03/22, 0.755, 0.755, 0.755, 0.755
12/31/21, 0.761, 0.773, 0.727, 0.755
12/30/21, 0.780, 0.788, 0.739, 0.761
12/29/21, 0.722, 0.810, 0.722, 0.780
12/28/21, 0.722, 0.722, 0.722, 0.722
12/27/21, 0.722, 0.722, 0.722, 0.722
12/24/21, 0.727, 0.742, 0.712, 0.722
12/23/21, 0.691, 0.754, 0.691, 0.727
12/22/21, 0.673, 0.725, 0.663, 0.691
12/21/21, 0.597, 0.684, 0.596, 0.673
12/20/21, 0.561, 0.600, 0.511, 0.597
12/17/21, 0.555, 0.588, 0.531, 0.561
12/16/21, 0.540, 0.642, 0.522, 0.555
12/15/21, 0.494, 0.569, 0.494, 0.540
12/14/21, 0.457, 0.509, 0.455, 0.494
12/13/21, 0.502, 0.502, 0.446, 0.457
12/10/21, 0.488, 0.516, 0.465, 0.502
12/09/21, 0.525, 0.525, 0.451, 0.488
12/08/21, 0.520, 0.543, 0.460, 0.525
12/07/21, 0.518, 0.561, 0.505, 0.520
12/06/21, 0.530, 0.556, 0.517, 0.518
12/03/21, 0.595, 0.601, 0.525, 0.530
12/02/21, 0.582, 0.595, 0.545, 0.595
12/01/21, 0.543, 0.659, 0.543, 0.582
11/30/21, 0.566, 0.575, 0.490, 0.543
11/29/21, 0.527, 0.601, 0.527, 0.566
11/26/21, 0.642, 0.642, 0.503, 0.527
11/25/21, 0.655, 0.665, 0.638, 0.642
11/24/21, 0.664, 0.701, 0.631, 0.655
11/23/21, 0.598, 0.668, 0.598, 0.664
11/22/21, 0.556, 0.617, 0.530, 0.598
11/19/21, 0.589, 0.620, 0.529, 0.556
11/18/21, 0.628, 0.628, 0.573, 0.589
11/17/21, 0.670, 0.682, 0.624, 0.628
11/16/21, 0.621, 0.671, 0.604, 0.670
11/15/21, 0.585, 0.626, 0.538, 0.621
11/12/21, 0.615, 0.635, 0.565, 0.585
11/11/21, 0.630, 0.649, 0.610, 0.615
11/10/21, 0.506, 0.636, 0.506, 0.630
11/09/21, 0.474, 0.525, 0.459, 0.506
11/08/21, 0.467, 0.503, 0.451, 0.474
11/05/21, 0.548, 0.560, 0.447, 0.467
11/04/21, 0.754, 0.754, 0.536, 0.548
11/03/21, 0.718, 0.771, 0.684, 0.754
11/02/21, 0.734, 0.734, 0.695, 0.718
11/01/21, 0.735, 0.789, 0.732, 0.734
10/29/21, 0.669, 0.753, 0.669, 0.735
10/28/21, 0.606, 0.714, 0.597, 0.669
10/27/21, 0.680, 0.691, 0.580, 0.606
10/26/21, 0.701, 0.714, 0.674, 0.680
10/25/21, 0.724, 0.751, 0.677, 0.701
10/22/21, 0.755, 0.756, 0.715, 0.724
10/21/21, 0.736, 0.787, 0.720, 0.755
10/20/21, 0.771, 0.781, 0.715, 0.736
10/19/21, 0.766, 0.773, 0.735, 0.771
10/18/21, 0.659, 0.804, 0.659, 0.766
10/15/21, 0.587, 0.661, 0.587, 0.659
10/14/21, 0.644, 0.674, 0.586, 0.587
10/13/21, 0.646, 0.666, 0.591, 0.644
10/12/21, 0.688, 0.692, 0.639, 0.646
10/11/21, 0.641, 0.709, 0.641, 0.688
10/08/21, 0.572, 0.651, 0.572, 0.641
10/07/21, 0.564, 0.585, 0.521, 0.572
10/06/21, 0.555, 0.616, 0.547, 0.564
10/05/21, 0.496, 0.578, 0.494, 0.555
10/04/21, 0.494, 0.528, 0.475, 0.496
10/01/21, 0.501, 0.524, 0.483, 0.494
09/30/21, 0.494, 0.547, 0.494, 0.501
09/29/21, 0.496, 0.497, 0.465, 0.494
09/28/21, 0.474, 0.565, 0.474, 0.496
09/27/21, 0.467, 0.493, 0.460, 0.474
09/24/21, 0.467, 0.518, 0.452, 0.467
09/23/21, 0.359, 0.473, 0.359, 0.467
09/22/21, 0.366, 0.370, 0.344, 0.359
09/21/21, 0.342, 0.371, 0.331, 0.366
09/20/21, 0.386, 0.386, 0.342, 0.342
09/17/21, 0.373, 0.409, 0.365, 0.386
09/16/21, 0.337, 0.382, 0.335, 0.373
09/15/21, 0.304, 0.342, 0.303, 0.337
09/14/21, 0.294, 0.341, 0.290, 0.304
09/13/21, 0.315, 0.315, 0.284, 0.294
09/10/21, 0.298, 0.319, 0.286, 0.315
09/09/21, 0.276, 0.325, 0.275, 0.298
09/08/21, 0.257, 0.287, 0.247, 0.276
09/07/21, 0.247, 0.283, 0.247, 0.257
09/06/21, 0.271, 0.275, 0.240, 0.247
09/03/21, 0.252, 0.282, 0.237, 0.271
09/02/21, 0.261, 0.262, 0.240, 0.252
09/01/21, 0.230, 0.290, 0.230, 0.261
08/31/21, 0.202, 0.242, 0.169, 0.230
08/29/21, 0.202, 0.202, 0.202, 0.202
08/27/21, 0.225, 0.232, 0.201, 0.202
08/26/21, 0.229, 0.244, 0.212, 0.225
08/25/21, 0.201, 0.249, 0.201, 0.229
08/24/21, 0.192, 0.216, 0.187, 0.201
08/23/21, 0.175, 0.209, 0.175, 0.192
08/20/21, 0.200, 0.200, 0.166, 0.175
08/19/21, 0.227, 0.227, 0.185, 0.200
08/18/21, 0.229, 0.235, 0.206, 0.227
08/17/21, 0.222, 0.242, 0.188, 0.229
08/16/21, 0.214, 0.240, 0.190, 0.222
08/13/21, 0.233, 0.246, 0.188, 0.214
08/12/21, 0.191, 0.237, 0.191, 0.233
08/11/21, 0.218, 0.247, 0.191, 0.191
08/10/21, 0.204, 0.225, 0.188, 0.218
08/09/21, 0.209, 0.213, 0.178, 0.204
08/06/21, 0.146, 0.231, 0.146, 0.209
08/05/21, 0.142, 0.174, 0.130, 0.146
08/04/21, 0.136, 0.170, 0.115, 0.142
08/03/21, 0.126, 0.149, 0.118, 0.136
08/02/21, 0.158, 0.175, 0.118, 0.126
07/30/21, 0.177, 0.181, 0.156, 0.158
07/29/21, 0.194, 0.213, 0.171, 0.177
07/28/21, 0.171, 0.211, 0.165, 0.194
07/27/21, 0.181, 0.191, 0.159, 0.171
07/26/21, 0.184, 0.211, 0.150, 0.181
07/23/21, 0.168, 0.211, 0.168, 0.184
07/22/21, 0.205, 0.229, 0.163, 0.168
07/21/21, 0.188, 0.218, 0.169, 0.205
07/20/21, 0.181, 0.196, 0.137, 0.188
07/19/21, 0.222, 0.230, 0.138, 0.181
07/16/21, 0.246, 0.251, 0.207, 0.222
07/15/21, 0.179, 0.270, 0.166, 0.246
07/14/21, 0.176, 0.227, 0.171, 0.179
07/13/21, 0.183, 0.198, 0.162, 0.176
07/12/21, 0.176, 0.184, 0.149, 0.183
07/09/21, 0.159, 0.183, 0.159, 0.176
07/08/21, 0.145, 0.164, 0.101, 0.159
07/07/21, 0.145, 0.156, 0.111, 0.145
07/06/21, 0.159, 0.175, 0.113, 0.145
07/05/21, 0.167, 0.186, 0.157, 0.159
07/02/21, 0.179, 0.197, 0.164, 0.167
07/01/21, 0.177, 0.204, 0.158, 0.179
06/30/21, 0.200, 0.201, 0.171, 0.177
06/29/21, 0.189, 0.218, 0.189, 0.200
06/28/21, 0.215, 0.221, 0.183, 0.189
06/25/21, 0.197, 0.235, 0.193, 0.215
06/24/21, 0.229, 0.237, 0.189, 0.197
06/23/21, 0.236, 0.256, 0.219, 0.229
06/22/21, 0.238, 0.259, 0.217, 0.236
06/21/21, 0.227, 0.262, 0.212, 0.238
06/18/21, 0.215, 0.253, 0.198, 0.227
06/17/21, 0.164, 0.233, 0.164, 0.215
06/16/21, 0.171, 0.183, 0.160, 0.164
06/15/21, 0.158, 0.176, 0.146, 0.171
06/14/21, 0.137, 0.161, 0.130, 0.158
06/11/21, 0.152, 0.152, 0.126, 0.137
06/10/21, 0.140, 0.186, 0.133, 0.152
06/09/21, 0.155, 0.164, 0.128, 0.140
06/08/21, 0.178, 0.187, 0.153, 0.155
06/07/21, 0.151, 0.183, 0.151, 0.178
06/04/21, 0.189, 0.189, 0.150, 0.151
06/03/21, 0.157, 0.190, 0.157, 0.189
06/02/21, 0.170, 0.177, 0.149, 0.157
06/01/21, 0.159, 0.185, 0.153, 0.170
05/30/21, 0.159, 0.159, 0.159, 0.159
05/28/21, 0.161, 0.182, 0.147, 0.159
05/27/21, 0.129, 0.186, 0.127, 0.161
05/26/21, 0.140, 0.144, 0.123, 0.129
05/25/21, 0.150, 0.156, 0.128, 0.140
05/24/21, 0.162, 0.172, 0.140, 0.150
05/21/21, 0.165, 0.191, 0.145, 0.162
05/20/21, 0.183, 0.197, 0.162, 0.165
05/19/21, 0.195, 0.220, 0.154, 0.183
05/18/21, 0.186, 0.215, 0.170, 0.195
05/17/21, 0.187, 0.207, 0.172, 0.186
05/14/21, 0.208, 0.211, 0.173, 0.187
05/13/21, 0.204, 0.229, 0.196, 0.208
05/12/21, 0.164, 0.214, 0.147, 0.204
05/11/21, 0.136, 0.169, 0.136, 0.164
05/10/21, 0.134, 0.159, 0.123, 0.136
05/07/21, 0.148, 0.161, 0.089, 0.134
05/06/21, 0.166, 0.185, 0.126, 0.148
05/05/21, 0.163, 0.193, 0.153, 0.166
05/04/21, 0.194, 0.212, 0.147, 0.163
05/02/21, 0.194, 0.194, 0.194, 0.194
04/30/21, 0.194, 0.206, 0.182, 0.194
04/29/21, 0.172, 0.214, 0.172, 0.194
04/28/21, 0.171, 0.205, 0.163, 0.172
04/27/21, 0.158, 0.180, 0.154, 0.171
04/26/21, 0.153, 0.171, 0.146, 0.158